product-img-link href,cleanDesc,part-info,part-info 2,price,wishlist-label href,short-description
https://www.turnermotorsport.com/p-367218-power-bleeder-catch-bottle-set/,Power Bleeder Catch Bottle Set,367218,MOTIVE1820,$22.95,https://www.turnermotorsport.com/c-906-bmw-brake-tools#,Make your brake flush a clean and easier job
https://www.turnermotorsport.com/p-338572-turner-motorsport-brake-bleeder-bottle/,Turner Motorsport Brake Bleeder Bottle,338572,TMS1196,$20.85,https://www.turnermotorsport.com/c-906-bmw-brake-tools#,"The Turner Motorsport Brake Bleeder Bottle is the perfect companion when bleeding your brakes! The bottle features a nice long flexible hose so fitment over the bleeder nipple is a snap. These bottles also offer either a magnetic mount or a cable lanyard, so you can hang the bottle or stick it to the brake rotor, this leaves your hands-free to work with your tools. It works great with our"
https://www.turnermotorsport.com/p-580437-wheel-hub-and-rotor-grinding-cleaning-kit/,Bav Auto Wheel Hub and Rotor Grinding Kit,580437,B8800132,$34.95,https://www.turnermotorsport.com/c-906-bmw-brake-tools#,"Used to remove corrosion and ensure brake rotors, wheel spacers, etc sit flush on your hubs"
https://www.turnermotorsport.com/p-640238-brake-bleeder-wrench-11mm/,Brake Bleeder Wrench - 11mm,640238,CTA1951,$23.96,https://www.turnermotorsport.com/c-906-bmw-brake-tools#,
https://www.turnermotorsport.com/p-596996-gearless-brake-caliper-piston-spreader/,Schwaben Gearless Brake Caliper Piston Spreader,596996,029328SCH01A,$43.95,https://www.turnermotorsport.com/c-906-bmw-brake-tools#,"Where conventional piston spreaders fall short is when calipers have multiple pistons, as they lack the ability to press on pistons located on both sides of the caliper simultaneously. Ratcheting action for easy, efficient use. A must for the toolbox of any modern BMW enthusiast. Ideal for most 2, 4, and 6 piston calipers."
https://www.turnermotorsport.com/p-580337-multi-vehicle-adapter-for-brake-bleeder-bavarian-autosport/,Bav Auto Multi-Vehicle Adapter for Brake Bleeder,580337,B8800005,$22.95,https://www.turnermotorsport.com/c-906-bmw-brake-tools#,Services multiple types of brake systems.
https://www.turnermotorsport.com/p-587294-pneumatic-brake-fluid-changer-2-liter/,Schwaben Pneumatic Brake Fluid Changer - 2 Liter,587294,029018SCH01A,$84.95,https://www.turnermotorsport.com/c-906-bmw-brake-tools#,"This Schwaben Brake Fluid Changer can quickly flush brake lines with new fluid. This unit is air operated with a working pressure of 90 PSI. This kit also comes with a refill pot to hang above your master cylinder to keep Master Cylinder full while doing brake bleed at the bleeder, just bleed the lines until the brake fluid runs clear. Can also be used to drain power steering reservoirs!"
https://www.turnermotorsport.com/p-580396-on-vehicle-micro-brake-pipe-flaring-tool-bavarian-autosport/,Bav Auto On-Vehicle Micro Brake Pipe Flaring Tool,580396,B8800083,$57.95,https://www.turnermotorsport.com/c-906-bmw-brake-tools#,This tool makes 4.75mm and 3/16 in double and bubble flares in confined spaces.
https://www.turnermotorsport.com/p-371957-universal-pro-power-bleeder/,Universal Pro Power Bleeder,371957,MOTIVEPB-0250,$99.95,https://www.turnermotorsport.com/c-906-bmw-brake-tools#,Bleed the brakes in just about anything in no time at all
https://www.turnermotorsport.com/p-580372-tool-brake-caliper-windback-38-bavarian-autosport/,"Bav Auto Brake Caliper Windback - 3/8""",580372,B8800050,$30.95,https://www.turnermotorsport.com/c-906-bmw-brake-tools#,Reversible to work clockwise and counterclockwise.
https://www.turnermotorsport.com/p-641947-handheld-vacuumbleeder-kit/,Handheld Vacuum/Bleeder Kit,641947,029115SCH01A,$36.95,https://www.turnermotorsport.com/c-906-bmw-brake-tools#,Use this kit to pull clean brake fluid thru system.
https://www.turnermotorsport.com/p-1855990-disc-brake-caliper-service-set/,Disc Brake Caliper Service Set,1855990,W89200,$82.96,https://www.turnermotorsport.com/c-906-bmw-brake-tools#,For use on most import and domestic vehicles equipped with disc brakes.
https://www.turnermotorsport.com/p-638116-brake-caliper-piston-tool-kit-18-pieces/,Schwaben Brake Caliper Piston Tool Kit - 18 Pieces,638116,PBK-18PCS,$65.95,https://www.turnermotorsport.com/c-906-bmw-brake-tools#,Everything you need to compress the brake caliper pistons on your BMW
https://www.turnermotorsport.com/p-641930-ratcheting-brake-caliper-piston-spreader/,Ratcheting Brake Caliper Piston Spreader,641930,LNG279,$57.99,https://www.turnermotorsport.com/c-906-bmw-brake-tools#,Quickly and easily compress caliper pistons.
https://www.turnermotorsport.com/p-385350-5-pc-metric-brake-bleeder-wrench-set/,5 Pc Metric Brake Bleeder Wrench Set,385350,VIMBB500,$69.95,https://www.turnermotorsport.com/c-906-bmw-brake-tools#,Get a complete set of bleeder wrenches. Make sure you have the right tool when you need it
https://www.turnermotorsport.com/p-2854665-brake-pad-thickness-gauge/,Brake Pad Thickness Gauge,2854665,341260,$34.82,https://www.turnermotorsport.com/c-906-bmw-brake-tools#,Don't let your brake pads get to low!
https://www.turnermotorsport.com/p-640460-brake-bleeder-steering-pump-bleeder-and-vacuum-pump-test-kit/,"Brake Bleeder, Steering Pump Bleeder And Vacuum Pump Test Kit
     ...",640460,OEM27070,$39.95,https://www.turnermotorsport.com/c-906-bmw-brake-tools#,Hand held fluid pump.
https://www.turnermotorsport.com/p-641989-11mm-brake-bleeder-wrench/,11mm Brake Bleeder Wrench,641989,BB511,$18.95,https://www.turnermotorsport.com/c-906-bmw-brake-tools#,"Easy to use, Correct bends to bleed brakes even with wheel on"
https://www.turnermotorsport.com/p-797061-titan-brake-caliper-hanger-set/,Titan Brake Caliper Hanger Set,797061,TIT51600,$6.99,https://www.turnermotorsport.com/c-906-bmw-brake-tools#,"1/2"" heavy-duty steel"
https://www.turnermotorsport.com/p-387161-7mm-stubby-38-drive-hex-socket/,"7mm Stubby 3/8"" drive Hex socket",387161,VIMVM607,$10.95,https://www.turnermotorsport.com/c-906-bmw-brake-tools#,Provides proper clearance for caliper guide pins found on most BMWs and MINIs since 1982.
https://www.turnermotorsport.com/p-366905-schwaben-low-profile-2-ton-aluminum-floor-jack-with-aluminum-3-ton-jack-stands/,Schwaben Low Profile 2 Ton Aluminum Floor Jack With Aluminum 3-Ton J...,366905,011362SCH01AKT,$369.90,https://www.turnermotorsport.com/c-906-bmw-brake-tools#,"Having a low profile floor jack can be a great asset for your garage, perfect for those with a lowered car as well as those that aren't. Most car owners with a lowered vehicle have been in the position of their floor jack not making the clearance needed, the low profile jack is the answer."
https://www.turnermotorsport.com/p-366782-schwaben-black-mechanics-work-gloves-large/,Schwaben Black Mechanics Work Gloves - Large,366782,010337SCH02A,$11.95,https://www.turnermotorsport.com/c-906-bmw-brake-tools#,Perfect for any job when it comes to keeping your hands clean and protected.
https://www.turnermotorsport.com/p-389017-power-extractor-1-gallon/,Power Extractor - 1 Gallon,389017,1701,$64.95,https://www.turnermotorsport.com/c-906-bmw-brake-tools#,Change your oil or extract differential fluid with this tool.
https://www.turnermotorsport.com/p-1017119-disc-brake-piston-cube/,Disc Brake Piston Cube,1017119,648410,$5.79,https://www.turnermotorsport.com/c-906-bmw-brake-tools#,This disk brake piston tool rotates disc brake pistons back into the cylinder bore for the installation of new brake pads.
https://www.turnermotorsport.com/p-366897-schwaben-low-profile-2-ton-aluminum-floor-jack-with-12-wheel-stands/,"Schwaben Low Profile 2 Ton Aluminum Floor Jack With 12"" Wheel S...",366897,011362SCH01AKT1,$438.90,https://www.turnermotorsport.com/c-906-bmw-brake-tools#,"A complete set offered to ensure that the proper lifting techniques are at use. It's never wise to work under a vehicle supported by only a floor jack, with this complete kit you get a complete matching set to get the job done safe and fast."
https://www.turnermotorsport.com/p-366783-schwaben-black-mechanics-work-gloves-xl/,Schwaben Black Mechanics Work Gloves - XL,366783,010337SCH03A,$11.95,https://www.turnermotorsport.com/c-906-bmw-brake-tools#,Perfect for any job when it comes to keeping your hands clean and protected.
https://www.turnermotorsport.com/p-366781-schwaben-black-mechanics-work-gloves-medium/,Schwaben Black Mechanics Work Gloves - Medium,366781,010337SCH01A,$11.95,https://www.turnermotorsport.com/c-906-bmw-brake-tools#,Perfect for any job when it comes to keeping your hands clean and protected.
https://www.turnermotorsport.com/p-580345-vacuum-brake-bleeding-adapter-for-use-with-b8800001-oil-extractor-bavarian-autosport/,Bav Auto Vacuum Brake Bleeding Adapter,580345,B8800016,$12.95,https://www.turnermotorsport.com/c-906-bmw-brake-tools#,For Use with B8800001 Oil Extractor
https://www.turnermotorsport.com/p-2393387-brake-bleeder-hose-12m/,Brake Bleeder Hose - 1.2m,2393387,CTA1955,$22.95,https://www.turnermotorsport.com/c-906-bmw-brake-tools#,Used for bleeding brake calipers and wheel cylinders
https://www.turnermotorsport.com/p-580417-tool-8mm-x-10mm-flare-wrench-bavarian-autosport/,Bav Auto 8mm x 10mm Flare Wrench,580417,B8800110,$6.15,https://www.turnermotorsport.com/c-906-bmw-brake-tools#,The perfect fit for brake unions and fittings.
https://www.turnermotorsport.com/p-385234-billet-aluminum-cap-for-schwaben-euro-bleeder/,Billet Aluminum Cap For Schwaben Euro Bleeder,385234,018337SCH01A,$18.95,https://www.turnermotorsport.com/c-906-bmw-brake-tools#,
https://www.turnermotorsport.com/p-580419-tool-12mm-x-14mm-flare-wrench-bavarian-autosport/,Bav Auto 12mm x 14mm Flare Wrench - Multiple BMWs,580419,B8800112,$5.95,https://www.turnermotorsport.com/c-906-bmw-brake-tools#,Avoid rounding off your bleeder screws or line fittings with the proper flare wrench.
https://www.turnermotorsport.com/p-1809150-tubing-bender/,Tubing Bender,1809150,029060SCH01A,$13.95,https://www.turnermotorsport.com/c-906-bmw-brake-tools#,Easy to use and create accurate bends.
https://www.turnermotorsport.com/p-583786-schwaben-low-profile-2-ton-aluminum-floor-jack-with-aluminum-3-ton-jack-stands/,Schwaben Low Profile 2 Ton Aluminum Floor Jack With Aluminum 3-Ton J...,583786,011362SCH01AKT3,$435.75,https://www.turnermotorsport.com/c-906-bmw-brake-tools#,
https://www.turnermotorsport.com/p-366823-schwaben-black-mechanics-work-gloves-xxl/,Schwaben Black Mechanics Work Gloves - XXL,366823,010337SCH04A,$11.95,https://www.turnermotorsport.com/c-906-bmw-brake-tools#,Perfect for any job when it comes to keeping your hands clean and protected.
https://www.turnermotorsport.com/p-587761-caliper-holder-hooks-2-pcs/,Schwaben Caliper Holder Hooks - 2 pcs.,587761,029048SCH01A,$5.99,https://www.turnermotorsport.com/c-906-bmw-brake-tools#,"Tired of messing with bent coat hangers or bungee cords to hang your calipers up and out of the way when performing brake maintenance? These hooks make working on your brakes easier by letting you hang your calipers with ease, no more fighting with the bungee cords or zip ties to hold the caliper just right or having to make your own ""custom"" hooks with wire. Holds brake calipers out of the way while working on brakes Also use to hang other automotive parts and tools while working on your vehicle. Stronger than zip ties or wire. Save the brake hose by not hanging caliper by hose. Made of thick steel for strength and durability. length is 8"""
https://www.turnermotorsport.com/p-580418-tool-11mm-x-13mm-flare-wrench-bavarian-autosport/,Bav Auto Brake Flare Wrench - 11mm x 13mm,580418,B8800111,$6.15,https://www.turnermotorsport.com/c-906-bmw-brake-tools#,We recommend not using an open ended wrench when changing out brake lines. Use a flare wrench instead. This one is an 11mm flare wrench on one side and a 13mm on the other side.
https://www.turnermotorsport.com/p-580332-15mm-thin-wrench-bavarian-autopsort/,15mm Thin Wrench - Bavarian Autopsort,580332,B8300003,$9.95,https://www.turnermotorsport.com/c-906-bmw-brake-tools#,
https://www.turnermotorsport.com/p-640923-schwaben-euro-bleeder-billet-cap-90-degree-swivel/,Schwaben Euro Bleeder Billet Cap 90 Degree Swivel,640923,026762SCH01A,$25.95,https://www.turnermotorsport.com/c-906-bmw-brake-tools#,
https://www.turnermotorsport.com/p-1362363-caliper-hanger-set/,Caliper Hanger Set,1362363,OTC7661,$20.25,https://www.turnermotorsport.com/c-906-bmw-brake-tools#,"These hangers are designed to hold brake calipers out of your way during brake, bearing, suspension, or axle work"
https://www.turnermotorsport.com/p-641687-brake-bleeding-kit/,Brake Bleeding Kit,641687,LIS19200,$11.59,https://www.turnermotorsport.com/c-906-bmw-brake-tools#,"Services calipers, wheel cylinders, and master cylinders"
https://www.turnermotorsport.com/p-641941-master-flaring-and-tubing-tool-set/,Master Flaring and Tubing Tool Set,641941,ATD5478,$83.99,https://www.turnermotorsport.com/c-906-bmw-brake-tools#,This great set does all the popular flares
https://www.turnermotorsport.com/p-641374-mini-tubing-cutter/,Mini Tubing Cutter,641374,2107D,$8.99,https://www.turnermotorsport.com/c-906-bmw-brake-tools#,
https://www.turnermotorsport.com/p-61485-34106790927-genuine-bmw-part/,Genuine BMW Retaining Clip - Brake Pads - F30 F26 F31 F25 F22 F33 F2...,61485,34106790927,$16.17,https://www.turnermotorsport.com/c-906-bmw-brake-tools#,"Genuine BMW Clip -     F22,F25 X3,F26 X4,F30,F31,F32,F33,F34,F36"
https://www.turnermotorsport.com/p-156558-71116788732-genuine-bmw-part/,Genuine BMW Utility Bag,156558,71116788732,$23.81,https://www.turnermotorsport.com/c-906-bmw-brake-tools#,"Genuine BMW Tool Bag -     F06,F12,F13,F22,F25 X3,F26 X4"
https://www.turnermotorsport.com/p-61910-34116798879-genuine-bmw-part/,Genuine BMW Retaining Clip - Brake Pads - F10 528i,61910,34116798879,$16.17,https://www.turnermotorsport.com/c-906-bmw-brake-tools#,Genuine BMW Clip -     F10
https://www.turnermotorsport.com/p-1855993-3pc-line-clamp-set/,3pc Line Clamp Set,1855993,W83205,$15.84,https://www.turnermotorsport.com/c-906-bmw-brake-tools#,Heat resistant reinforced nylon construction.
https://www.turnermotorsport.com/p-1855968-0-6-150mm-stainless-steel/,"0 - 6"" (150mm) Stainless Steel",1855968,W80151,$44.54,https://www.turnermotorsport.com/c-906-bmw-brake-tools#,"Measures outside, inside, step and depth."
https://www.turnermotorsport.com/p-2242221-brake-fluid-tester/,Brake Fluid Tester,2242221,W181,$33.50,https://www.turnermotorsport.com/c-906-bmw-brake-tools?No=48&Nrpp=48#,Determines Moisture Level in Brake Fluid
https://www.turnermotorsport.com/p-640963-one-man-brake-bleeder-kit/,One Man Brake Bleeder Kit,640963,CTA1250,$6.03,https://www.turnermotorsport.com/c-906-bmw-brake-tools?No=48&Nrpp=48#,"Services calipers, wheel cylinders, and master cylinders"
https://www.turnermotorsport.com/p-1809139-digital-caliper-0-6-150mm/,"Digital Caliper 0-6"" (150mm)",1809139,W80152,$27.93,https://www.turnermotorsport.com/c-906-bmw-brake-tools?No=48&Nrpp=48#,"Measures outside, inside, step and depth."
https://www.turnermotorsport.com/p-1809149-brake-line-bender/,Brake Line Bender,1809149,W80675,$21.92,https://www.turnermotorsport.com/c-906-bmw-brake-tools?No=48&Nrpp=48#,Precision Tubing Bender
https://www.turnermotorsport.com/p-641391-3-pc-wire-brush-set/,3 Pc Wire Brush Set,641391,WLMW1149,$10.82,https://www.turnermotorsport.com/c-906-bmw-brake-tools?No=48&Nrpp=48#,Three brushes with brass and stainless steel bristles
https://www.turnermotorsport.com/p-711900-brake-caliper-hanger-set-8-pack/,Brake Caliper Hanger Set (8 Pack),711900,OEM24518,$19.49,https://www.turnermotorsport.com/c-906-bmw-brake-tools?No=48&Nrpp=48#,"Not only are these great for holding calipers out of the way and preventing damage to brake hoses, you will find many other undercar and under hood uses to make you work faster."
https://www.turnermotorsport.com/p-1668643-universal-led-brake-fluid-tester/,Universal LED Brake Fluid Tester,1668643,647766,$42.99,https://www.turnermotorsport.com/c-906-bmw-brake-tools?No=48&Nrpp=48#,"You can quickly and accurately assess the condition of the DOT3, DOT4 or DOT5.1 brake fluid in your vehicle with this simple, effective brake fluid tester pen."
https://www.turnermotorsport.com/p-1017120-caliper-piston-compressor-tool/,Caliper Piston Compressor Tool,1017120,648412,$6.99,https://www.turnermotorsport.com/c-906-bmw-brake-tools?No=48&Nrpp=48#,This brake pad spreader creates sufficient clearance for quick removal and installation of brake pads by compressing the piston back into the bore.
https://www.turnermotorsport.com/p-641678-disc-brake-piston-cube/,"Disc Brake Piston ""Cube""",641678,CTA1455,$9.25,https://www.turnermotorsport.com/c-906-bmw-brake-tools?No=48&Nrpp=48#,For relining rear disc brakes by rotating pistons back into brake calipers when replacing pads
https://www.turnermotorsport.com/p-1120855-brake-caliper-hanger-set/,Brake Caliper Hanger Set,1120855,48020,$9.25,https://www.turnermotorsport.com/c-906-bmw-brake-tools?No=48&Nrpp=48#,Hangs the Disc Brake Caliper Out of the Way During Service While Keeping Tension Off the Brake Line.
https://www.turnermotorsport.com/p-1211211-brake-bleeder-bottle-set/,Brake Bleeder Bottle Set,1211211,CTA7786,$49.95,https://www.turnermotorsport.com/c-906-bmw-brake-tools?No=48&Nrpp=48#,"2 piece brake bleeding bottle set allows user to complete brake service quickly, easily and without mess or damage"
https://www.turnermotorsport.com/p-697860-18-pc-brake-caliper-socket-set/,18 Pc. Brake Caliper Socket Set,697860,7394,$98.95,https://www.turnermotorsport.com/c-906-bmw-brake-tools?No=48&Nrpp=48#,Widest range Brake Caliper Socket & Bit set on the market
https://www.turnermotorsport.com/p-2453602-1118-black-label-gm-late-mustang-3-tab-cap/,1118 BLACK LABEL GM / LATE MUSTANG 3-TAB CAP,2453602,1118 ADAPTER,$37.95,https://www.turnermotorsport.com/c-906-bmw-brake-tools?No=48&Nrpp=48#,Just the Adapter
https://www.turnermotorsport.com/p-641667-one-man-brake-bleeder/,One-Man Brake Bleeder,641667,CTA1238,$6.25,https://www.turnermotorsport.com/c-906-bmw-brake-tools?No=48&Nrpp=48#,Attach bleeder to loosened bleeder screw and pump brake pedal until all air bubbles are removed from the hose
https://www.turnermotorsport.com/p-369630-universal-power-bleeder/,Universal Power Bleeder,369630,MOTIVEPB-0101,$68.95,https://www.turnermotorsport.com/c-906-bmw-brake-tools?No=48&Nrpp=48#,Bleed your brake lines in no time
https://www.turnermotorsport.com/p-641933-black-label-european-adapter/,Black Label European Adapter,641933,1109,$37.95,https://www.turnermotorsport.com/c-906-bmw-brake-tools?No=48&Nrpp=48#,Billet aluminum cap with a swivel fitting to prevent kinking.
https://www.turnermotorsport.com/p-363244-brake-bleeder-catch-bottle/,Brake Bleeder Catch Bottle,363244,007481SCH01A,$17.95,https://www.turnermotorsport.com/c-906-bmw-brake-tools?No=48&Nrpp=48#,
https://www.turnermotorsport.com/p-7134-12311727762-genuine-bmw-part/,"Repair Kit Rotor - E23, E24, E28, E30, E31, E32, E34, E36",7134,12311727762,$29.77,https://www.turnermotorsport.com/c-906-bmw-brake-tools?No=48&Nrpp=48#,"Genuine BMW Repair Kit Rotor     E34 M5,E30,E34,E36     M10,M20,M30,M42,M50,M70,S38,S70"
https://www.turnermotorsport.com/p-580334-brake-bleeder-catch-bottle-bavarian-autosport/,Bav Auto Brake Bleeder Catch Bottle - All BMW,580334,B8800002,$17.95,https://www.turnermotorsport.com/c-906-bmw-brake-tools?No=48&Nrpp=48#,Self supporting bottle makes the job easier and keeps old fluid contained and ready for disposal.
https://www.turnermotorsport.com/p-580425-tool-brake-disc-run-out-and-ball-joint-wear-gauge-bavarian-autosport/,Bav Auto Brake Disc Run Out and Ball Joint Wear Gauge,580425,B8800118,$66.95,https://www.turnermotorsport.com/c-906-bmw-brake-tools?No=48&Nrpp=48#,Used to measure the wear on brake discs and ball joints.
https://www.turnermotorsport.com/p-1362361-brake-fluid-tester/,Brake Fluid Tester,1362361,OTC4598-DOT4,$34.49,https://www.turnermotorsport.com/c-906-bmw-brake-tools?No=48&Nrpp=48#,Brake Fluid Tester for DOT 4
https://www.turnermotorsport.com/p-340350-motive-power-brake-bleeder-tool-fits-most-european-cars/,Motive Power Brake Bleeder Tool (Fits most European Cars),340350,MOT-0100X,$53.95,https://www.turnermotorsport.com/c-906-bmw-brake-tools?No=48&Nrpp=48#,"The best way how to bleed the brakes on a BMW for the do it yourself BMW owner!    The Motive Products POWER BLEEDER is the number 1 selling DIY pressure brake bleeder. It operates just like the professional mechanics' tool at a fraction of the price. The bleeder works by attaching to your brake fluid resevoir and pressurzing your brake system as well as supplying more fluid as needed. It essentially simulate the old fashioned ""2 man"" brake bleeding technique, only without the need for a second person.    Watch the video to the right and see how simple it is!     The Motive Brake Bleeder works on most European cars, including Alfa Romeo, Audi, BMW, Fiat, Mercedes, Peugeot, Porsche, Renault, SAAB, Volkswagen, Volvo, and all other cars with 45mm threaded hydraulic fluid reservoir caps All bleeders come with a full 1 year warranty. 2 Quart Capacity. Don't be fooled by cheap imitations!    Choose from either the standard bleeder or premium Black Label Bleeder.     - has a plastic reservoir cap and non-swivel fitting.     - comes with custom machined aluminum cap and deluxe swivel fitting, an extra length of high grade polyurethane tubing that won't cloud or crack with exposure to brake fluid.      BMW, Audi, Alfa Romeo, Fiat, Mercedes Benz, Peugeot, Porsche, Renault, Saab, Volkswagon, & Volvo."
https://www.turnermotorsport.com/p-367208-european-power-bleeder/,Motive European Power Bleeder - BMW & MINI,367208,MOTIVEPB,$53.95,https://www.turnermotorsport.com/c-906-bmw-brake-tools?No=48&Nrpp=48#,This tool allows you to bleed your brakes without the need for brake pedal pumping. They use pressurized brake fluid to force air and old fluid out of your brake lines.
https://www.turnermotorsport.com/p-399508-schwaben-screwdriver-set-6-pcs/,Schwaben Screwdriver Set 6 Pcs.,399508,023436SCH01A,$24.95,https://www.turnermotorsport.com/c-906-bmw-brake-tools?No=48&Nrpp=48#,"Looking for a simple but effective professional grade set of screw drivers? Schwaben has released this ""slimmed down"" kit that gives your the most commonly used flat head and phillips head screw drivers all in one kit."
https://www.turnermotorsport.com/p-378217-schwaben-8-piece-fluid-line-stopper-kit/,Schwaben 8 Piece Fluid Line Stopper Kit,378217,005939SCH01A,$44.95,https://www.turnermotorsport.com/c-906-bmw-brake-tools?No=48&Nrpp=48#,"When pulling brake lines, Vanos, transmission, or lines of a similar type they end up leaking all over the place, Many cases hose clamps may end up weakening the exterior of the rubber hose."
https://www.turnermotorsport.com/p-362403-schwaben-11mm-brake-bleeder-wrench/,Schwaben 11mm Brake Bleeder Wrench,362403,000550SCH01A,$25.95,https://www.turnermotorsport.com/c-906-bmw-brake-tools?No=48&Nrpp=48#,"Finally, a bleeder wrench with just the right angle to open the bleeder screw without having to spend all that time removing each wheel from your car."
https://www.turnermotorsport.com/p-363245-schwaben-3-liter-european-pressure-brake-bleeder/,Schwaben 3-Liter European Pressure Brake Bleeder,363245,007237SCH01A,$60.95,https://www.turnermotorsport.com/c-906-bmw-brake-tools?No=48&Nrpp=48#,Having a pressure bleeder give you the ability to keep the pressure on the brake system while you go under and crack open the bleeder screws to relieve the air pockets.
https://www.turnermotorsport.com/p-367310-schwaben-caliper-piston-compressor-tool/,Schwaben Caliper Piston Compressor Tool,367310,SCWBK-510,$11.95,https://www.turnermotorsport.com/c-906-bmw-brake-tools?No=48&Nrpp=48#,A simple design that makes compressing the caliper piston back in a breeze. The days of balancing the piston while turning a C-clamp are over.
https://www.turnermotorsport.com/p-379950-schwaben-locking-hose-pinch-off-pliers/,Schwaben Locking Hose Pinch-Off Pliers,379950,009787SCH01A,$23.95,https://www.turnermotorsport.com/c-906-bmw-brake-tools?No=48&Nrpp=48#,Pliers have adequate clamping force to seal large or pressurized cooling system hoses. These pliers are great for clamping shut most hoses. Swivel jaws ensure even clamping force.
https://www.turnermotorsport.com/p-370742-european-power-bleeder-black-label/,"Motive Black Label European Power Bleeder - BMW & MINI
        ...",370742,MOTIVE0109,$72.95,https://www.turnermotorsport.com/c-906-bmw-brake-tools?No=48&Nrpp=48#,This tool allows you to bleed your brakes without the need for brake pedal pumping. They use pressurized brake fluid to force air and old fluid out of your brake lines.
https://www.turnermotorsport.com/p-378558-schwaben-mini-tubing-cutter/,Schwaben Mini Tubing Cutter,378558,006644SCH01A,$7.95,https://www.turnermotorsport.com/c-906-bmw-brake-tools?No=48&Nrpp=48#,This great little tubing cutter is a must-have in tight workspaces.
https://www.turnermotorsport.com/p-402467-brake-caliper-piston-tool-kit-11-pieces/,Schwaben Brake Caliper Piston Tool Kit,402467,PBK-11PCS,$48.95,https://www.turnermotorsport.com/c-906-bmw-brake-tools?No=48&Nrpp=48#,Schwaben's 11 piece Brake Caliper Piston Tool Set allows you to easily compress your brake calipers.
https://www.turnermotorsport.com/p-366970-schwaben-3-liter-multi-functional-fluid-pump-kit/,Schwaben 3-Liter Multi-functional Fluid Pump Kit,366970,007311SCH01A,$92.95,https://www.turnermotorsport.com/c-906-bmw-brake-tools?No=48&Nrpp=48#,Having a pressure bleeder give you the ability to keep the pressure on the brake system while you go under and crack open the bleeder screws to relieve the air pockets.
https://www.turnermotorsport.com/p-387031-3-liter-premium-european-brake-bleeder/,Schwaben 3-Liter Premium European Brake Bleeder,387031,007237SCH01AKTKT,$64.95,https://www.turnermotorsport.com/c-906-bmw-brake-tools?No=48&Nrpp=48#,This Premium European Brake bleeder features a Heavy-Duty aluminum master cylinder cap adapter for extra long life. Complete with the Schwaben quick couple fitting that can be used on most European cars.
https://www.turnermotorsport.com/p-385541-schwaben-universal-adapter-kit-for-brake-bleeding/,Schwaben Universal Adapter Kit For Brake Bleeding,385541,007311SCH04A,$24.95,https://www.turnermotorsport.com/c-906-bmw-brake-tools?No=48&Nrpp=48#,This adapter is for use with the    and    only and allow for fitment on other brake fluid reservoir fitment.
https://www.turnermotorsport.com/p-583437-2-piece-caliper-hanger-set/,CTA Tools 2-Piece Caliper Hanger Set,583437,CTA1138,$7.55,https://www.turnermotorsport.com/c-906-bmw-brake-tools?No=48&Nrpp=48#,"When working on your brakes or replacing the hubs or bearings, the calipers can be a pain if not taken off completely. To alleviate some of the frustration, these caliper hangers are perfect to move the calipers out of the way and allow you to knock out your project!"
https://www.turnermotorsport.com/p-396479-schwaben-36oz-dead-blow-hammer/,Schwaben 36oz Dead Blow Hammer,396479,016805SCH04A,$19.95,https://www.turnermotorsport.com/c-906-bmw-brake-tools?No=48&Nrpp=48#,"The 36 oz dead blow hammer is built with steel shot internals that delivers a stronger force of impact and prevents rebound. The hammer itself is all built from a high-impact poly jacket that encases the head and handle. This hammer allows you to hammer softer metals, such as aluminum, without damaging the surface or the part itself. The handle has a diamond-shaped grip pattern to prevent your hands from slipping and sliding, even with your hands are covered with oil."
https://www.turnermotorsport.com/p-391116-caliper-piston-compressor-tool/,Lisle Caliper Piston Compressor Tool,391116,LIS24400,$8.19,https://www.turnermotorsport.com/c-906-bmw-brake-tools?No=48&Nrpp=48#,The Lisle piston retractor tool pushes brake caliper pistons back into their caliper bores to make room for new brake pads. A simple but effective tool that is easier to use than c-clamps and large adjustable pliers.
https://www.turnermotorsport.com/p-387327-compact-european-pressure-brake-bleeder/,Compact European Pressure Brake Bleeder,387327,018222SCH01A,$40.95,https://www.turnermotorsport.com/c-906-bmw-brake-tools?No=48&Nrpp=48#,This Compact European Pressure Brake Bleeder is perfect for the job and has many features that make the job significantly easier.
https://www.turnermotorsport.com/p-396472-schwaben-6-stainless-steel-digital-caliper/,"Schwaben 6"" Stainless Steel Digital Caliper",396472,019732SCH01A,$26.95,https://www.turnermotorsport.com/c-906-bmw-brake-tools?No=48&Nrpp=48#,"Ensure you are getting the most accurate measurements you can with the Schwaben 6"" Stainless Steel Digital Caliper."
https://www.turnermotorsport.com/p-384394-schwaben-pocket-brake-fluid-tester/,Schwaben Pocket Brake Fluid Tester,384394,015745SCH01A,$30.95,https://www.turnermotorsport.com/c-906-bmw-brake-tools?No=48&Nrpp=48#,"This Schwaben Brake fluid tester has a green, yellow and red light that represents moisture content of DOT 4 brake fluid to determine if service is needed."
https://www.turnermotorsport.com/p-176959-turner-motorsport-brake-bleeder-bottle-with-check-valve-simple-bleed/,"Turner Motorsport Brake Bleeder Bottle with Check Valve - Most BMWs
...",176959,BBMCV,$28.01,https://www.turnermotorsport.com/c-906-bmw-brake-tools?No=48&Nrpp=48#,"This is a more economical and simpler system than other ""1 man bleeding"" kits - no modification to your brake system and you only have to buy the one bottle. The newest bottles also include upgraded caps and fittings for a tighter seal."