web-scraper-order,web-scraper-start-url,nnn,ppp
"1635243920-51823","https://colemanfurniture.com/office/file-cabinet-filing.htm","79412 Wellington Driftwood File Cabinet","$999.00"
"1635243920-51685","https://colemanfurniture.com/office/file-cabinet-filing.htm","Sausalito Whiskey One Drawer File Cabinet","$749.00"
"1635243920-51594","https://colemanfurniture.com/office/file-cabinet-filing.htm","White Standard Lateral File","$315.00"
"1635243920-51500","https://colemanfurniture.com/office/file-cabinet-filing.htm","Allyson Park Wirebrushed White Bunching Lateral File Cabinet with Hutch","$1704.00"
"1635243920-51626","https://colemanfurniture.com/office/file-cabinet-filing.htm","Kenner Reclaimed Wood And White Mobile 3 Drawer Storage Mobile Cabinet","$195.00"
"1635243920-51499","https://colemanfurniture.com/office/file-cabinet-filing.htm","Toulouse Aged Ebony Lateral File Cabinet","$969.00"
"1635243920-51575","https://colemanfurniture.com/office/file-cabinet-filing.htm","Cabot Espresso Oak Lateral File","$415.00"
"1635243920-51732","https://colemanfurniture.com/office/file-cabinet-filing.htm","Waverly Sandblasted Gray Lateral File Cabinet","$1048.00"
"1635243920-51844","https://colemanfurniture.com/office/file-cabinet-filing.htm","Prestige White Chocolate and Antigua 30"" Lateral File","$375.00"
"1635243920-51505","https://colemanfurniture.com/office/file-cabinet-filing.htm","Halifax White 5 Drawer Mobile Side Cabinet","$199.00"
"1635243920-51876","https://colemanfurniture.com/office/file-cabinet-filing.htm","Curata Midnight Mobile File","$819.00"
"1635243920-51837","https://colemanfurniture.com/office/file-cabinet-filing.htm","Bark Gray Standard Lateral File","$315.00"
"1635243920-51660","https://colemanfurniture.com/office/file-cabinet-filing.htm","Kenner Reclaimed Wood And White 3 Drawer Mobile File Cabinet","$189.00"
"1635243920-51643","https://colemanfurniture.com/office/file-cabinet-filing.htm","Stanford 2 Drawer Lateral File","$419.00"
"1635243920-51780","https://colemanfurniture.com/office/file-cabinet-filing.htm","Garson Cappuccino Home Office File Cabinet","$915.00"
"1635243920-51931","https://colemanfurniture.com/office/file-cabinet-filing.htm","Louis Phillippe Black Executive Lateral File","$1899.00"
"1635243920-51641","https://colemanfurniture.com/office/file-cabinet-filing.htm","Studio C Storm Gray 3 Drawer Mobile File Cabinet","$395.00"
"1635243920-51845","https://colemanfurniture.com/office/file-cabinet-filing.htm","Office 500 Sand Oak 36"" 2 Drawer Lateral File Cabinet","$559.00"
"1635243920-51723","https://colemanfurniture.com/office/file-cabinet-filing.htm","AF110532MW Emerson Mango Wood Rectangle File Cabinet","$555.00"
"1635243920-51550","https://colemanfurniture.com/office/file-cabinet-filing.htm","Crafted Dark Wood Lateral File","$1789.00"
"1635243920-51746","https://colemanfurniture.com/office/file-cabinet-filing.htm","Orion White And Walnut Grey 30"" Shelving Unit","$625.00"
"1635243920-51507","https://colemanfurniture.com/office/file-cabinet-filing.htm","Sonoma Brown Executive Lateral File Cabinet","$1119.00"
"1635243920-51531","https://colemanfurniture.com/office/file-cabinet-filing.htm","Series C Mocha Cherry 36 Inch 2-Drawer Lateral File","$525.00"
"1635243920-51717","https://colemanfurniture.com/office/file-cabinet-filing.htm","Industrial Chic Iconic Aviator File Cabinet","$689.00"
"1635243920-51786","https://colemanfurniture.com/office/file-cabinet-filing.htm","Huntington 2 Drawer Lateral File","$929.00"
"1635243920-51792","https://colemanfurniture.com/office/file-cabinet-filing.htm","Commerce Cocoa and Pewter 2 Drawer Lateral File Cabinet","$515.00"
"1635243920-51901","https://colemanfurniture.com/office/file-cabinet-filing.htm","Orion Bark Gray And Graphite 30"" Storage Cabinet With Pull Out Shelf","$845.00"
"1635243920-51586","https://colemanfurniture.com/office/file-cabinet-filing.htm","Joshua Creek Barnwood File Cabinet","$745.00"
"1635243920-51607","https://colemanfurniture.com/office/file-cabinet-filing.htm","Studio Designs Rich Matte Black Enchantment File Chest","$2829.00"
"1635243920-51715","https://colemanfurniture.com/office/file-cabinet-filing.htm","Dark Chocolate Standard Lateral File","$315.00"
"1635243920-51496","https://colemanfurniture.com/office/file-cabinet-filing.htm","Magnolia Manor Antique White Jr Executive Media Lateral File","$895.00"
"1635243920-51905","https://colemanfurniture.com/office/file-cabinet-filing.htm","Archivist Dark Wood Lateral File","$1179.00"
"1635243920-51518","https://colemanfurniture.com/office/file-cabinet-filing.htm","Kensington Warm Fruitwood 2 Drawer Lateral File Cabinet","$1109.00"
"1635243920-51790","https://colemanfurniture.com/office/file-cabinet-filing.htm","Pur By Bark Gray 25"" Storage Unit with 3 Drawer Set","$705.00"
"1635243920-51797","https://colemanfurniture.com/office/file-cabinet-filing.htm","Cabot Ash Gray 2 Drawer Lateral File Cabinet","$379.00"
"1635243920-51571","https://colemanfurniture.com/office/file-cabinet-filing.htm","Ironworks Coastal Cherry 2 Drawer Mobile Pedestal","$265.00"
"1635243920-51665","https://colemanfurniture.com/office/file-cabinet-filing.htm","Skylar Cappuccino Mobile File Cabinet","$249.00"
"1635243920-51851","https://colemanfurniture.com/office/file-cabinet-filing.htm","Bronwyn Alabaster Lateral File","$989.00"
"1635243920-51796","https://colemanfurniture.com/office/file-cabinet-filing.htm","Office 500 Sand Oak 16"" 2 Drawer File Cabinet","$385.00"
"1635243920-51783","https://colemanfurniture.com/office/file-cabinet-filing.htm","Home Accents Taupe Gray File Cabinet","$395.00"
"1635243920-51747","https://colemanfurniture.com/office/file-cabinet-filing.htm","Orion Bark Gray And Graphite 30"" Shelving Unit","$625.00"
"1635243920-51637","https://colemanfurniture.com/office/file-cabinet-filing.htm","Office 500 Black Walnut Low Storage Cabinet With Drawers And Shelves","$435.00"
"1635243920-51772","https://colemanfurniture.com/office/file-cabinet-filing.htm","Embassy Dark Chocolate 30"" Lateral File","$399.00"
"1635243920-51555","https://colemanfurniture.com/office/file-cabinet-filing.htm","Embassy Dark Chocolate Pedestal","$259.00"
"1635243920-51791","https://colemanfurniture.com/office/file-cabinet-filing.htm","Enterprise Mocha Cherry Lateral File With Hutch","$715.00"
"1635243920-51873","https://colemanfurniture.com/office/file-cabinet-filing.htm","Alesio Weathered Bone File Cabinet","$762.00"
"1635243920-51814","https://colemanfurniture.com/office/file-cabinet-filing.htm","Cascades Linen White Birkdale File Chest With Deck","$6758.00"
"1635243920-51589","https://colemanfurniture.com/office/file-cabinet-filing.htm","Osborne Timeless Oak And Grey Skies Lateral File Cabinet","$785.00"
"1635243920-51599","https://colemanfurniture.com/office/file-cabinet-filing.htm","Salinas Driftwood Gray 2 Drawer Lateral File Cabinet","$335.00"
"1635243920-51808","https://colemanfurniture.com/office/file-cabinet-filing.htm","Work Your Way Black Paint With Touches Of Warm Brown Bristowe Lateral File Cabinet","$1169.00"
"1635243920-51750","https://colemanfurniture.com/office/file-cabinet-filing.htm","Studio C White 2 Drawer Mobile File Cabinet","$385.00"
"1635243920-51538","https://colemanfurniture.com/office/file-cabinet-filing.htm","Salinas Antique White Lateral File Cabinet","$325.00"
"1635243920-51907","https://colemanfurniture.com/office/file-cabinet-filing.htm","Colvin Natural Mobile Pedestal","$589.00"
"1635243920-51782","https://colemanfurniture.com/office/file-cabinet-filing.htm","Melange Brown Bennett X-Base Lateral File","$1129.00"
"1635243920-51541","https://colemanfurniture.com/office/file-cabinet-filing.htm","Avondale Weathered Oak Lateral File","$1009.00"
"1635243920-51743","https://colemanfurniture.com/office/file-cabinet-filing.htm","Method Cocoa 3 Drawer Mobile File Cabinet","$459.00"
"1635243920-51763","https://colemanfurniture.com/office/file-cabinet-filing.htm","Bennington Harvest Cherry 2 Drawer Lateral File","$455.00"
"1635243920-51757","https://colemanfurniture.com/office/file-cabinet-filing.htm","Leesburg Brown Lateral File","$1319.00"
"1635243920-51612","https://colemanfurniture.com/office/file-cabinet-filing.htm","Connexion Antigua And Black 31"" Lateral File Cabinet","$395.00"
"1635243920-51696","https://colemanfurniture.com/office/file-cabinet-filing.htm","Myra Natural Lateral File Cabinet","$759.00"
"1635243920-51722","https://colemanfurniture.com/office/file-cabinet-filing.htm","Somerset Fresh Walnut 2 Drawer Lateral File Cabinet","$405.00"
"1635243920-51919","https://colemanfurniture.com/office/file-cabinet-filing.htm","Cascades Linen White Ramsey Mobile Single File Chest","$1699.00"
"1635243920-51926","https://colemanfurniture.com/office/file-cabinet-filing.htm","Myra Natural And Paperwhite Lateral File Cabinet","$759.00"
"1635243920-51628","https://colemanfurniture.com/office/file-cabinet-filing.htm","Burke Coffee Home Office File Cabinet","$215.00"
"1635243920-51764","https://colemanfurniture.com/office/file-cabinet-filing.htm","Avondale Brown Lateral File","$1009.00"
"1635243920-51493","https://colemanfurniture.com/office/file-cabinet-filing.htm","Foundry Home Office Brushed Pewter 42"" Lateral File Cabinet","$935.00"
"1635243920-51800","https://colemanfurniture.com/office/file-cabinet-filing.htm","Storia Gray Lateral File","$1399.00"
"1635243920-51908","https://colemanfurniture.com/office/file-cabinet-filing.htm","I3 Plus White Chocolate 30"" Lateral File Cabinet With Frosted Glass Doors Hutch","$695.00"
"1635243920-51708","https://colemanfurniture.com/office/file-cabinet-filing.htm","Perspectives Sun Drenched Acacia Entertainment File Cabinet","$1160.00"
"1635243920-51861","https://colemanfurniture.com/office/file-cabinet-filing.htm","Heron Cove Chalk White Wood Mobile File Cabinet","$419.00"
"1635243920-51674","https://colemanfurniture.com/office/file-cabinet-filing.htm","Nebula White 25"" Storage Unit","$505.00"
"1635243920-51885","https://colemanfurniture.com/office/file-cabinet-filing.htm","Halifax White 2 Section Mobile Filing Cabinet","$195.00"
"1635243920-51670","https://colemanfurniture.com/office/file-cabinet-filing.htm","Halifax Black 5 Drawer Cabinet for Closet/Office","$139.00"
"1635243920-51910","https://colemanfurniture.com/office/file-cabinet-filing.htm","Office 500 Storm Gray 36"" Tall Storage Cabinet With Doors And Shelves","$789.00"
"1635243920-51877","https://colemanfurniture.com/office/file-cabinet-filing.htm","Work Your Way Distressed Medium Clear Oak Sutter Lateral File Cabinet","$1169.00"
"1635243920-51694","https://colemanfurniture.com/office/file-cabinet-filing.htm","Method White Lateral File Cabinet","$609.00"
"1635243920-51795","https://colemanfurniture.com/office/file-cabinet-filing.htm","Office 500 Modern Hickory 16"" 3 Drawer File Cabinet","$399.00"
"1635243920-51921","https://colemanfurniture.com/office/file-cabinet-filing.htm","Series C Natural Cherry 30 Inch Storage Cabinet","$335.00"
"1635243920-51569","https://colemanfurniture.com/office/file-cabinet-filing.htm","Prestige Bark Grey And Slate 31"" Lateral File Cabinet","$375.00"
"1635243920-51731","https://colemanfurniture.com/office/file-cabinet-filing.htm","Apex Dark Brown Weathered Oak File Cabinet","$269.00"
"1635243920-51718","https://colemanfurniture.com/office/file-cabinet-filing.htm","Architect Modern Walnut Drawer Lateral File Cabinet","$235.00"
"1635243920-51546","https://colemanfurniture.com/office/file-cabinet-filing.htm","Cherry Creek Brown Lateral File","$899.00"
"1635243920-51840","https://colemanfurniture.com/office/file-cabinet-filing.htm","Urban Gray Executive Lateral File","$1799.00"
"1635243920-51554","https://colemanfurniture.com/office/file-cabinet-filing.htm","Krom White Corner Storage Unit","$335.00"
"1635243920-51678","https://colemanfurniture.com/office/file-cabinet-filing.htm","Key West Washed Gray Lateral File Cabinet With Shelf","$255.00"
"1635243920-51787","https://colemanfurniture.com/office/file-cabinet-filing.htm","Apex Gray Weathered Oak File Cabinet","$269.00"
"1635243920-51727","https://colemanfurniture.com/office/file-cabinet-filing.htm","Harvest Home Chalkboard Bunching Lateral File Cabinet","$725.00"
"1635243920-51768","https://colemanfurniture.com/office/file-cabinet-filing.htm","Pro-Linea Bark Grey 2-Door Storage Unit","$495.00"
"1635243920-51804","https://colemanfurniture.com/office/file-cabinet-filing.htm","Series C Light Oak 36 Inch 2-Drawer Lateral File","$525.00"
"1635243920-51775","https://colemanfurniture.com/office/file-cabinet-filing.htm","Office 500 Storm Gray 36"" 2 Drawer Lateral File Cabinet With Hutch","$905.00"
"1635243920-51570","https://colemanfurniture.com/office/file-cabinet-filing.htm","Saratoga Harvest Cherry Lateral File","$455.00"
"1635243920-51799","https://colemanfurniture.com/office/file-cabinet-filing.htm","Brown and Black Two Drawer File Cabinet","$489.00"
"1635243920-51753","https://colemanfurniture.com/office/file-cabinet-filing.htm","Cabot Espresso Oak 2 Drawer File Cabinet","$205.00"
"1635243920-51759","https://colemanfurniture.com/office/file-cabinet-filing.htm","Echo Pure White 3 Drawer Mobile File Cabinet","$289.00"
"1635243920-51721","https://colemanfurniture.com/office/file-cabinet-filing.htm","Somerset Sand Oak 2 Drawer Lateral File Cabinet","$405.00"
"1635243920-51883","https://colemanfurniture.com/office/file-cabinet-filing.htm","Barton Creek Driftwood Patina Johnson File Chest With Deck","$4828.00"
"1635243920-51526","https://colemanfurniture.com/office/file-cabinet-filing.htm","Avondale Farmhouse White File Cabinet","$1009.00"
"1635243920-51761","https://colemanfurniture.com/office/file-cabinet-filing.htm","Method Storm Gray 2 Drawer Lateral File Cabinet","$609.00"
"1635243920-51513","https://colemanfurniture.com/office/file-cabinet-filing.htm","Key West Washed Gray Lateral File","$345.00"
"1635243920-51666","https://colemanfurniture.com/office/file-cabinet-filing.htm","27821 Drawer File Cabinet","$699.00"
"1635243920-51707","https://colemanfurniture.com/office/file-cabinet-filing.htm","Berkley Hall Distressed Tan Reclaimed Pine Wood And Black Textured Metal File Cabinet","$349.00"
"1635243920-51859","https://colemanfurniture.com/office/file-cabinet-filing.htm","Series C Light Oak 30 Inch Storage Cabinet","$335.00"
"1635243920-51706","https://colemanfurniture.com/office/file-cabinet-filing.htm","Hearthstone Mobile File Cabinet","$424.00"
"1635243920-51601","https://colemanfurniture.com/office/file-cabinet-filing.htm","Method Century Walnut 3 Drawer Mobile File Cabinet","$459.00"
"1635243920-51623","https://colemanfurniture.com/office/file-cabinet-filing.htm","Twin Palms Soundings File Chest","$2229.00"
"1635243920-51735","https://colemanfurniture.com/office/file-cabinet-filing.htm","Office 500 Storm Gray 36"" 2 Drawer Lateral File Cabinet","$559.00"
"1635243920-51781","https://colemanfurniture.com/office/file-cabinet-filing.htm","Fulton Natural Iron Trey Modular Filing Credenza","$1299.00"
"1635243920-51672","https://colemanfurniture.com/office/file-cabinet-filing.htm","Aquarius Deep Grey And White 35"" Storage Unit With 8 Cubbies","$395.00"
"1635243920-51716","https://colemanfurniture.com/office/file-cabinet-filing.htm","Cielo By Bark Gray and White 195"" Base Storage Unit","$215.00"
"1635243920-51826","https://colemanfurniture.com/office/file-cabinet-filing.htm","Halifax Black 3 Section Mobile Storage Cabinet","$199.00"
"1635243920-51871","https://colemanfurniture.com/office/file-cabinet-filing.htm","Halifax White 3 Section Mobile Storage Cabinet","$199.00"
"1635243920-51664","https://colemanfurniture.com/office/file-cabinet-filing.htm","Salinas Reclaimed Pine 2 Drawer Lateral File Cabinet","$335.00"
"1635243920-51798","https://colemanfurniture.com/office/file-cabinet-filing.htm","Somerset Storm Gray And White 2 Drawer Lateral File Cabinet","$405.00"
"1635243920-51784","https://colemanfurniture.com/office/file-cabinet-filing.htm","Connecticut Black Suede Oak Lateral File","$385.00"
"1635243920-51749","https://colemanfurniture.com/office/file-cabinet-filing.htm","Connexion 30"" Lateral File In Slate & Sandstone","$395.00"
"1635243920-51667","https://colemanfurniture.com/office/file-cabinet-filing.htm","Ironworks Restored Gray 2 Drawer Mobile File Cabinet by Kathy Ireland","$275.00"
"1635243920-51807","https://colemanfurniture.com/office/file-cabinet-filing.htm","Monterey Point Deep Brown And Black File Cabinet","$785.00"
"1635243920-51711","https://colemanfurniture.com/office/file-cabinet-filing.htm","Halifax Black 5 Drawer Mobile Side Cabinet","$199.00"
"1635243920-51697","https://colemanfurniture.com/office/file-cabinet-filing.htm","Pro Concept Plus Deep Grey and Black Pedestal","$275.00"
"1635243920-51610","https://colemanfurniture.com/office/file-cabinet-filing.htm","Pro Concept Plus Deep Grey and Black Lateral File","$385.00"
"1635243920-51793","https://colemanfurniture.com/office/file-cabinet-filing.htm","Ironworks Coastal Cherry Lateral File Cabinet","$385.00"
"1635243920-51788","https://colemanfurniture.com/office/file-cabinet-filing.htm","Orion White And Walnut Grey 30"" Storage Cabinet With Pull Out Shelf","$845.00"
"1635243920-51600","https://colemanfurniture.com/office/file-cabinet-filing.htm","Ironworks Vintage Golden Pine 2 Drawer Mobile Pedestal","$265.00"
"1635243920-51692","https://colemanfurniture.com/office/file-cabinet-filing.htm","Rue De Bac Cognac File Cabinet","$1099.00"
"1635243920-51858","https://colemanfurniture.com/office/file-cabinet-filing.htm","Office 500 Modern Hickory 36"" Storage Cabinet With Doors","$459.00"
"1635243920-51741","https://colemanfurniture.com/office/file-cabinet-filing.htm","Pittsburgh Brown And Metal File Cabinet","$449.00"
"1635243920-51927","https://colemanfurniture.com/office/file-cabinet-filing.htm","Aventura Odyssey Brown File Chest","$3679.00"
"1635243920-51492","https://colemanfurniture.com/office/file-cabinet-filing.htm","Hartford White Lateral File Cabinet","$989.00"
"1635243920-51686","https://colemanfurniture.com/office/file-cabinet-filing.htm","7403 Black And Grey 3 Drawer Filing Cabinet","$255.00"
"1635243920-51812","https://colemanfurniture.com/office/file-cabinet-filing.htm","Key West Bing Cherry 2 Drawer Mobile File Cabinet","$245.00"
"1635243920-51591","https://colemanfurniture.com/office/file-cabinet-filing.htm","Halifax Black 7 Drawer Cabinet for Closet/Office","$189.00"
"1635243920-51698","https://colemanfurniture.com/office/file-cabinet-filing.htm","Mayfield Shiplap Gray And Pure White 2 Drawer Lateral File Cabinet","$349.00"
"1635243920-51827","https://colemanfurniture.com/office/file-cabinet-filing.htm","I3 Plus White Lateral File with Storage Cabinet","$695.00"
"1635243920-51878","https://colemanfurniture.com/office/file-cabinet-filing.htm","Madison Avenue Pure White Lateral File Cabinet With Shelves","$339.00"
"1635243920-51562","https://colemanfurniture.com/office/file-cabinet-filing.htm","Kenner Reclaimed Wood And White 1 Drawer Mobile File Cabinet","$179.00"
"1635243920-51704","https://colemanfurniture.com/office/file-cabinet-filing.htm","Echo Gray Sand 3 Drawer Mobile File Cabinet","$289.00"
"1635243920-51520","https://colemanfurniture.com/office/file-cabinet-filing.htm","Key West Washed Gray Laptop Storage Desk Credenza","$345.00"
"1635243920-51794","https://colemanfurniture.com/office/file-cabinet-filing.htm","Key West Washed Gray Small Storage Cabinet With Door","$179.00"
"1635243920-51825","https://colemanfurniture.com/office/file-cabinet-filing.htm","Work Your Way Grey Mink Burnham Lateral File Cabinet","$1169.00"
"1635243920-51701","https://colemanfurniture.com/office/file-cabinet-filing.htm","Sedona Deep Brown And Black Floating File Cabinet","$899.00"
"1635243920-51809","https://colemanfurniture.com/office/file-cabinet-filing.htm","Clinton Hill Kohl Black Lateral File Cabinet","$785.00"
"1635243920-51703","https://colemanfurniture.com/office/file-cabinet-filing.htm","Gray 3 Drawer Mirrored Lateral File","$2199.00"
"1635243920-51894","https://colemanfurniture.com/office/file-cabinet-filing.htm","Taupe Wood 3 Drawer Filing Cabinet","$269.00"
"1635243920-51820","https://colemanfurniture.com/office/file-cabinet-filing.htm","Old World Walnut Executive Lateral File","$2349.00"
"1635243920-51725","https://colemanfurniture.com/office/file-cabinet-filing.htm","Echo Pure White Lateral File Cabinet","$435.00"
"1635243920-51912","https://colemanfurniture.com/office/file-cabinet-filing.htm","Office 500 Sand Oak Low Storage Cabinet With Drawers And Shelves","$435.00"
"1635243920-51870","https://colemanfurniture.com/office/file-cabinet-filing.htm","Bal Harbor Rich Sienna Laguana Beach File Chest With Deck","$5308.00"
"1635243920-51618","https://colemanfurniture.com/office/file-cabinet-filing.htm","24141 Sierra And Black File Cabinet","$899.00"
"1635243920-51616","https://colemanfurniture.com/office/file-cabinet-filing.htm","Russell Brown Oak Computer Stand","$195.00"
"1635243920-51773","https://colemanfurniture.com/office/file-cabinet-filing.htm","Broadview Modern Gray 6 Cube Organizer","$289.00"
"1635243920-51651","https://colemanfurniture.com/office/file-cabinet-filing.htm","Somerset Ash Gray 2 Drawer Lateral File Cabinet","$399.00"
"1635243920-51693","https://colemanfurniture.com/office/file-cabinet-filing.htm","Melange Silver Bondurant Lateral File","$1629.00"
"1635243920-51662","https://colemanfurniture.com/office/file-cabinet-filing.htm","Fulton Natural Iron Trey Modular Filing Cabinet","$949.00"
"1635243920-51671","https://colemanfurniture.com/office/file-cabinet-filing.htm","Aquarius Rustic Brown And Graphite 35"" Storage Unit With 8 Cubbies","$395.00"
"1635243920-51886","https://colemanfurniture.com/office/file-cabinet-filing.htm","Pro Concept Plus White and Deep Grey Lateral File","$385.00"
"1635243920-51543","https://colemanfurniture.com/office/file-cabinet-filing.htm","Anthropology Rustic Brown Lateral File Cabinet","$365.00"
"1635243920-51596","https://colemanfurniture.com/office/file-cabinet-filing.htm","Key West Dark Gray Hickory 2 Drawer Lateral File Cabinet","$355.00"
"1635243920-51836","https://colemanfurniture.com/office/file-cabinet-filing.htm","Universel Antigua 28"" Standard Lateral File Cabinet","$315.00"
"1635243920-51895","https://colemanfurniture.com/office/file-cabinet-filing.htm","Southampton Distressed Onyx 2 Drawer File Cabinet","$729.00"
"1635243920-51663","https://colemanfurniture.com/office/file-cabinet-filing.htm","Key West Pure White and Shiplap Gray 2 Drawer Lateral File Cabinet","$355.00"
"1635243920-51734","https://colemanfurniture.com/office/file-cabinet-filing.htm","Halifax Black 5 Drawer Mobile High Cabinet","$199.00"
"1635243920-51638","https://colemanfurniture.com/office/file-cabinet-filing.htm","Office 500 Storm Gray Low Storage Cabinet With Drawers And Shelves","$435.00"
"1635243920-51892","https://colemanfurniture.com/office/file-cabinet-filing.htm","South Park Brownish Gray Lateral File","$1069.00"
"1635243920-51801","https://colemanfurniture.com/office/file-cabinet-filing.htm","Ironworks Restored Gray 2 Drawer Lateral File Cabinet by Kathy Ireland","$395.00"
"1635243920-51726","https://colemanfurniture.com/office/file-cabinet-filing.htm","Storehouse Gray Rolling File","$659.00"
"1635243920-51821","https://colemanfurniture.com/office/file-cabinet-filing.htm","Sophisticated White and Cream Contemporary Lateral File","$1269.00"
"1635243920-51924","https://colemanfurniture.com/office/file-cabinet-filing.htm","Tynecastle Brown Lateral File","$1209.00"
"1635243920-51525","https://colemanfurniture.com/office/file-cabinet-filing.htm","Method Natural Maple 3 Drawer Mobile File Cabinet","$459.00"
"1635243920-51752","https://colemanfurniture.com/office/file-cabinet-filing.htm","Series C Hansen Cherry 30 Inch Storage Cabinet","$335.00"
"1635243920-51564","https://colemanfurniture.com/office/file-cabinet-filing.htm","Nebula Bark Gray 25"" Storage Unit with Door","$505.00"
"1635243920-51916","https://colemanfurniture.com/office/file-cabinet-filing.htm","Brown Lateral File","$1329.00"
"1635243920-51828","https://colemanfurniture.com/office/file-cabinet-filing.htm","Sophisticated White and Cream Contemporary Lateral File","$1269.00"
"1635243920-51856","https://colemanfurniture.com/office/file-cabinet-filing.htm","Halifax Black 2 Section Mobile Filing Cabinet","$195.00"
"1635243920-51560","https://colemanfurniture.com/office/file-cabinet-filing.htm","Somerset Storm Gray 2 Drawer Lateral File Cabinet","$399.00"
"1635243920-51688","https://colemanfurniture.com/office/file-cabinet-filing.htm","Bristol Restored Gray 2 Drawer Lateral File Cabinet","$395.00"
"1635243920-51728","https://colemanfurniture.com/office/file-cabinet-filing.htm","Chateau Valley Brown Cherry Media File Cabinet","$858.00"
"1635243920-51593","https://colemanfurniture.com/office/file-cabinet-filing.htm","Brayton Manor Jr Executive Media Lateral File","$846.00"
"1635243920-51733","https://colemanfurniture.com/office/file-cabinet-filing.htm","Havana Rustic Acacia File Cabinet","$675.00"
"1635243920-51514","https://colemanfurniture.com/office/file-cabinet-filing.htm","Buena Vista 2-Door Low Storage","$215.00"
"1635243920-51710","https://colemanfurniture.com/office/file-cabinet-filing.htm","Delta White File Cabinet","$225.00"
"1635243920-51815","https://colemanfurniture.com/office/file-cabinet-filing.htm","Halifax White 2 Section Mobile Storage Cabinet","$189.00"
"1635243920-51587","https://colemanfurniture.com/office/file-cabinet-filing.htm","Tanners Creek Greystone File Cabinet","$266.00"
"1635243920-51501","https://colemanfurniture.com/office/file-cabinet-filing.htm","Cabot Espresso Oak Low Storage Cabinet","$199.00"
"1635243920-51572","https://colemanfurniture.com/office/file-cabinet-filing.htm","Key West Pure White and Shiplap Gray 2 Drawer Mobile File Cabinet","$255.00"
"1635243920-51862","https://colemanfurniture.com/office/file-cabinet-filing.htm","Gemma Antigua 30"" Lateral File Cabinet","$405.00"
"1635243920-51595","https://colemanfurniture.com/office/file-cabinet-filing.htm","Broadview Modern Gray 2 Drawer Lateral File Cabinet","$349.00"
"1635243920-51854","https://colemanfurniture.com/office/file-cabinet-filing.htm","Greystone Pearl Gray Wire Brushed Octavia File Chest","$2099.00"
"1635243920-51855","https://colemanfurniture.com/office/file-cabinet-filing.htm","Sofia European Dark File Cabinet","$368.00"
"1635243920-51902","https://colemanfurniture.com/office/file-cabinet-filing.htm","Office 500 Black Walnut 36"" Storage Cabinet With Doors","$459.00"
"1635243920-51929","https://colemanfurniture.com/office/file-cabinet-filing.htm","Pur Chocolate 25"" 3 Drawer Storage Unit","$705.00"
"1635243920-51824","https://colemanfurniture.com/office/file-cabinet-filing.htm","79432 Wellington Java File Cabinet","$999.00"
"1635243920-51695","https://colemanfurniture.com/office/file-cabinet-filing.htm","Harvest Home Barley Brown Bunching Lateral File Cabinet with Hutch","$1356.00"
"1635243920-51648","https://colemanfurniture.com/office/file-cabinet-filing.htm","Westley Falls Graphite Wood Mobile File Cabinet","$419.00"
"1635243920-51869","https://colemanfurniture.com/office/file-cabinet-filing.htm","Bal Harbour Sienna Laguna Beach File Chest","$2929.00"
"1635243920-51524","https://colemanfurniture.com/office/file-cabinet-filing.htm","Cabot Espresso Oak Tall Storage Cabinet","$359.00"
"1635243920-51608","https://colemanfurniture.com/office/file-cabinet-filing.htm","Halifax White 5 Drawer Cabinet","$139.00"
"1635243920-51590","https://colemanfurniture.com/office/file-cabinet-filing.htm","Richmond Hill Warm Chestnut Brown Lanier File Chest with Deck","$4778.00"
"1635243920-51509","https://colemanfurniture.com/office/file-cabinet-filing.htm","Durham White Lateral 3 Drawer File Cabinet","$1059.00"
"1635243920-51738","https://colemanfurniture.com/office/file-cabinet-filing.htm","Cabot Heather Gray Lateral File Cabinet","$379.00"
"1635243920-51760","https://colemanfurniture.com/office/file-cabinet-filing.htm","Echo Gray Sand Lateral File Cabinet","$435.00"
"1635243920-51777","https://colemanfurniture.com/office/file-cabinet-filing.htm","Office 500 Sand Oak 16"" 3 Drawer File Cabinet","$399.00"
"1635243920-51522","https://colemanfurniture.com/office/file-cabinet-filing.htm","Allyson Park Wirebrushed White Bunching Lateral File Cabinet","$932.00"
"1635243920-51658","https://colemanfurniture.com/office/file-cabinet-filing.htm","Rhapsody Brown Lateral File","$1849.00"
"1635243920-51549","https://colemanfurniture.com/office/file-cabinet-filing.htm","Office 500 Black Walnut 16"" 2 Drawer File Cabinet","$385.00"
"1635243920-51649","https://colemanfurniture.com/office/file-cabinet-filing.htm","Osborne Timeless Oak And Grey Skies Mobile File Cabient","$472.00"
"1635243920-51770","https://colemanfurniture.com/office/file-cabinet-filing.htm","Nebula Bark Gray and White 25"" Storage Unit with Door","$505.00"
"1635243920-51551","https://colemanfurniture.com/office/file-cabinet-filing.htm","Castella Medium Tone Brown Lateral File Cabinet","$1759.00"
"1635243920-51740","https://colemanfurniture.com/office/file-cabinet-filing.htm","Somerset White 2 Drawer Lateral File Cabinet","$399.00"
"1635243920-51816","https://colemanfurniture.com/office/file-cabinet-filing.htm","Broadview Pure White 2 Drawer File Cabinet","$289.00"
"1635243920-51736","https://colemanfurniture.com/office/file-cabinet-filing.htm","Studio C Storm Gray 2 Drawer Mobile File Cabinet","$385.00"
"1635243920-51896","https://colemanfurniture.com/office/file-cabinet-filing.htm","Provence Vintage Alabaster Lateral File Cabinet With Hutch","$1998.00"
"1635243920-51887","https://colemanfurniture.com/office/file-cabinet-filing.htm","Office 500 Modern Hickory 36"" Tall Storage Cabinet With Doors And Shelves","$789.00"
"1635243920-51645","https://colemanfurniture.com/office/file-cabinet-filing.htm","27854 Seattle And Nickel File Cabinet","$649.00"
"1635243920-51690","https://colemanfurniture.com/office/file-cabinet-filing.htm","Office 500 Modern Hickory Low Storage Cabinet With Drawers And Shelves","$435.00"
"1635243920-51742","https://colemanfurniture.com/office/file-cabinet-filing.htm","Kinsey Brown Utility File","$1349.00"
"1635243920-51909","https://colemanfurniture.com/office/file-cabinet-filing.htm","Volcano Dusk Coastal Cherry Lateral File Cabinet","$455.00"
"1635243920-51899","https://colemanfurniture.com/office/file-cabinet-filing.htm","Halifax White 7 Drawer Cabinet","$189.00"
"1635243920-51751","https://colemanfurniture.com/office/file-cabinet-filing.htm","WC12953 Series C Mocha Cherry Mobile Pedestal","$345.00"
"1635243920-51819","https://colemanfurniture.com/office/file-cabinet-filing.htm","Cabot Harvest Cherry Lateral File","$415.00"
"1635243920-51583","https://colemanfurniture.com/office/file-cabinet-filing.htm","La Grange Antique Varnish Warrenton Lateral File Cabinet","$1499.00"
"1635243920-51875","https://colemanfurniture.com/office/file-cabinet-filing.htm","Miami Beige And Aged Nickel File Cabinet","$849.00"
"1635243920-51754","https://colemanfurniture.com/office/file-cabinet-filing.htm","Mocha Cherry Storage Cabinet","$635.00"
"1635243920-51566","https://colemanfurniture.com/office/file-cabinet-filing.htm","26871 Pure White 25"" 3 Drawer Storage Unit","$705.00"
"1635243920-51652","https://colemanfurniture.com/office/file-cabinet-filing.htm","Arcadia Old Forest Glen File Cabinet","$965.00"
"1635243920-51659","https://colemanfurniture.com/office/file-cabinet-filing.htm","Ironworks Vintage Golden Pine Lateral File Cabinet","$385.00"
"1635243920-51918","https://colemanfurniture.com/office/file-cabinet-filing.htm","Clinton Hill Classic Cherry 34"" Lateral File Cabinet","$785.00"
"1635243920-51914","https://colemanfurniture.com/office/file-cabinet-filing.htm","Fairview Cape Cod Gray Small Storage Cabinet With Doors And Shelves","$265.00"
"1635243920-51847","https://colemanfurniture.com/office/file-cabinet-filing.htm","Grandover Black Lateral File","$1699.00"
"1635243920-51512","https://colemanfurniture.com/office/file-cabinet-filing.htm","Somerset Platinum Gray 2 Drawer Lateral File Cabinet","$399.00"
"1635243920-51748","https://colemanfurniture.com/office/file-cabinet-filing.htm","Bestar Standard Lateral File In Chocolate","$315.00"
"1635243920-51506","https://colemanfurniture.com/office/file-cabinet-filing.htm","Fairview Cape Cod Gray 2 Door Storage Cabinet With File Drawer","$409.00"
"1635243920-51632","https://colemanfurniture.com/office/file-cabinet-filing.htm","Pro-Linea White 2-Door Storage Unit","$495.00"
"1635243920-51542","https://colemanfurniture.com/office/file-cabinet-filing.htm","DS-A053-302 Brown Stackable 1 Drawer Cabinet","$159.00"
"1635243920-51552","https://colemanfurniture.com/office/file-cabinet-filing.htm","Bellamy Deep Weathered Pine Lateral File","$779.00"
"1635243920-51636","https://colemanfurniture.com/office/file-cabinet-filing.htm","Office 500 Modern Hickory 36"" 2 Drawer Lateral File Cabinet With Hutch","$905.00"
"1635243920-51592","https://colemanfurniture.com/office/file-cabinet-filing.htm","Key West Washed Gray 2 Drawer Mobile Pedestal","$245.00"
"1635243920-51903","https://colemanfurniture.com/office/file-cabinet-filing.htm","Series C Light Oak Mobile Pedestal","$339.00"
"1635243920-51829","https://colemanfurniture.com/office/file-cabinet-filing.htm","Clinton Hill Classic Cherry Lateral File Cabinet","$785.00"
"1635243920-51580","https://colemanfurniture.com/office/file-cabinet-filing.htm","Sorella Taupe Lateral File","$1609.00"
"1635243920-51621","https://colemanfurniture.com/office/file-cabinet-filing.htm","2998RO-F Rustic Oak File Cabinet","$558.00"
"1635243920-51640","https://colemanfurniture.com/office/file-cabinet-filing.htm","Salinas Pure White and Shiplap Gray 2 Drawer Lateral File Cabinet","$335.00"
"1635243920-51668","https://colemanfurniture.com/office/file-cabinet-filing.htm","White Hollow-Core 3 Drawer Castors File Cabinet","$269.00"
"1635243920-51573","https://colemanfurniture.com/office/file-cabinet-filing.htm","Refinery Rustic Gray 3 Drawer Mobile File Cabinet","$359.00"
"1635243920-51838","https://colemanfurniture.com/office/file-cabinet-filing.htm","Buena Vista 2-Drawer Lateral File","$369.00"
"1635243920-51605","https://colemanfurniture.com/office/file-cabinet-filing.htm","Gray Wood 3 Drawer Filing Cabinet","$269.00"
"1635243920-51528","https://colemanfurniture.com/office/file-cabinet-filing.htm","Foundry Home Office Brushed Pewter Sliding Door File Cabinet","$1359.00"
"1635243920-51730","https://colemanfurniture.com/office/file-cabinet-filing.htm","7004 Cappuccino File Cabinet","$229.00"
"1635243920-51806","https://colemanfurniture.com/office/file-cabinet-filing.htm","Washington Heights Washed Charcoal Lateral File","$945.00"
"1635243920-51897","https://colemanfurniture.com/office/file-cabinet-filing.htm","Cascades Linen White Birkdale File Chest","$3379.00"
"1635243920-51656","https://colemanfurniture.com/office/file-cabinet-filing.htm","Estrella Antique Nutmeg File Cabinet","$289.00"
"1635243920-51925","https://colemanfurniture.com/office/file-cabinet-filing.htm","Belmeade Old World Oak Lateral File Cabinet","$805.00"
"1635243920-51771","https://colemanfurniture.com/office/file-cabinet-filing.htm","Pur By Bark Gray Corner Storage Unit","$689.00"
"1635243920-51683","https://colemanfurniture.com/office/file-cabinet-filing.htm","Method Storm Gray 3 Drawer Mobile File Cabinet","$459.00"
"1635243920-51585","https://colemanfurniture.com/office/file-cabinet-filing.htm","Madison Avenue Modern Walnut Lateral File Cabinet With Shelves","$339.00"
"1635243920-51574","https://colemanfurniture.com/office/file-cabinet-filing.htm","Series C Mocha Cherry 30 Inch Storage Cabinet","$335.00"
"1635243920-51699","https://colemanfurniture.com/office/file-cabinet-filing.htm","Office 500 Black Walnut 36"" 2 Drawer Lateral File Cabinet With Hutch","$905.00"
"1635243920-51863","https://colemanfurniture.com/office/file-cabinet-filing.htm","Embassy Walnut Grey 31"" Lateral File Cabinet","$399.00"
"1635243920-51529","https://colemanfurniture.com/office/file-cabinet-filing.htm","Halifax White 5 Drawer Mobile Side Cabinet","$199.00"
"1635243920-51577","https://colemanfurniture.com/office/file-cabinet-filing.htm","Fulton Honey And Natural Iron Joaquin Modular Filing Cabinet","$899.00"
"1635243920-51675","https://colemanfurniture.com/office/file-cabinet-filing.htm","Universel Deep Grey Standard Lateral File Cabinet","$319.00"
"1635243920-51776","https://colemanfurniture.com/office/file-cabinet-filing.htm","Office 500 Black Walnut 16"" 3 Drawer File Cabinet","$399.00"
"1635243920-51941","https://colemanfurniture.com/office/file-cabinet-filing.htm","Bedford Park Gray And Black File Cabinet","$749.00"
"1635243920-51558","https://colemanfurniture.com/office/file-cabinet-filing.htm","Somerset Mocha Cherry Lateral File","$399.00"
"1635243920-51942","https://colemanfurniture.com/office/file-cabinet-filing.htm","Brown Executive Lateral File","$1449.00"
"1635243920-51890","https://colemanfurniture.com/office/file-cabinet-filing.htm","Noorvik Dark Oak File Cabinet","$205.00"
"1635243920-51729","https://colemanfurniture.com/office/file-cabinet-filing.htm","Bay Creek Toasted Nutmeg Wood Mobile File Cabinet","$419.00"
"1635243920-51503","https://colemanfurniture.com/office/file-cabinet-filing.htm","Key West Washed Gray Laptop Storage Desk Credenza","$345.00"
"1635243920-51888","https://colemanfurniture.com/office/file-cabinet-filing.htm","Office 500 Sand Oak 36"" Storage Cabinet With Doors","$459.00"
"1635243920-51681","https://colemanfurniture.com/office/file-cabinet-filing.htm","Studio C Storm Gray Lateral File Cabinet","$575.00"
"1635243920-51625","https://colemanfurniture.com/office/file-cabinet-filing.htm","Kenner Reclaimed Wood And White Open Storage Mobile Cabinet","$145.00"
"1635243920-51603","https://colemanfurniture.com/office/file-cabinet-filing.htm","Harvest Home Barley Brown Bunching Lateral File Cabinet","$725.00"
"1635243920-51545","https://colemanfurniture.com/office/file-cabinet-filing.htm","Rowan Black and Chestnut Home Office File Cabinet","$1055.00"
"1635243920-51803","https://colemanfurniture.com/office/file-cabinet-filing.htm","Sun Valley Sandstone File Cabinet","$254.00"
"1635243920-51911","https://colemanfurniture.com/office/file-cabinet-filing.htm","Office 500 Storm Gray 16"" 2 Drawer File Cabinet","$385.00"
"1635243920-51700","https://colemanfurniture.com/office/file-cabinet-filing.htm","Bedford Park Brown And Black File Cabinet","$749.00"
"1635243920-51653","https://colemanfurniture.com/office/file-cabinet-filing.htm","Aquarius Bark Grey And White 35"" Storage Unit With 8 Cubbies","$395.00"
"1635243920-51567","https://colemanfurniture.com/office/file-cabinet-filing.htm","Universel Walnut Grey 28"" Standard Lateral File Cabinet","$315.00"
"1635243920-51597","https://colemanfurniture.com/office/file-cabinet-filing.htm","Latitude Rustic Brown Embossed 2 Drawer Mobile File Cabinet","$199.00"
"1635243920-51689","https://colemanfurniture.com/office/file-cabinet-filing.htm","Commerce Autumn Cherry 2 Drawer Lateral File Cabinet","$515.00"
"1635243920-51565","https://colemanfurniture.com/office/file-cabinet-filing.htm","Pure White 25"" Cubby Multi-Storage Unit","$559.00"
"1635243920-51682","https://colemanfurniture.com/office/file-cabinet-filing.htm","Telluride Black Lateral File","$1349.00"
"1635243920-51714","https://colemanfurniture.com/office/file-cabinet-filing.htm","Gemma Walnut Grey And White 30"" Low Storage Unit","$259.00"
"1635243920-51613","https://colemanfurniture.com/office/file-cabinet-filing.htm","Birmingham Executive Lateral File","$399.00"
"1635243920-51817","https://colemanfurniture.com/office/file-cabinet-filing.htm","Tucker Rich Brown Home Office File Cabinet","$1291.00"
"1635243920-51839","https://colemanfurniture.com/office/file-cabinet-filing.htm","Mocha Executive Lateral File","$1699.00"
"1635243920-51755","https://colemanfurniture.com/office/file-cabinet-filing.htm","Fairview Antique White Lateral File","$445.00"
"1635243920-51537","https://colemanfurniture.com/office/file-cabinet-filing.htm","Key West Bing Cherry 2 Drawer Lateral File Cabinet","$345.00"
"1635243920-51581","https://colemanfurniture.com/office/file-cabinet-filing.htm","Latitude Brown Lateral File","$1159.00"
"1635243920-51831","https://colemanfurniture.com/office/file-cabinet-filing.htm","79432 Wellington Java File Cabinet","$999.00"
"1635243920-51620","https://colemanfurniture.com/office/file-cabinet-filing.htm","DS-A053-305 Brown Stackable Quad Cabinet","$119.00"
"1635243920-51917","https://colemanfurniture.com/office/file-cabinet-filing.htm","Washington Heights Washed Charcoal Lateral File and Hutch","$1925.00"
"1635243920-51657","https://colemanfurniture.com/office/file-cabinet-filing.htm","Ball and Claw Dark Wood 2 Drawer Lateral File","$985.00"
"1635243920-51510","https://colemanfurniture.com/office/file-cabinet-filing.htm","Lincoln Park Brown File Cabinet","$999.00"
"1635243920-51719","https://colemanfurniture.com/office/file-cabinet-filing.htm","Office 500 Modern Hickory 36"" 2 Drawer Lateral File Cabinet","$559.00"
"1635243920-51920","https://colemanfurniture.com/office/file-cabinet-filing.htm","I3 Plus White Chocolate 30"" Lateral File Cabinet","$385.00"
"1635243920-51720","https://colemanfurniture.com/office/file-cabinet-filing.htm","Studio C White 3 Drawer Mobile File Cabinet","$395.00"
"1635243920-51935","https://colemanfurniture.com/office/file-cabinet-filing.htm","I3 Plus Bark Gray Storage Unit","$235.00"
"1635243920-51872","https://colemanfurniture.com/office/file-cabinet-filing.htm","Paloma Linear Grey And Brushed Silver 2 Drawer File Cabinet","$645.00"
"1635243920-51517","https://colemanfurniture.com/office/file-cabinet-filing.htm","Buena Vista 2-Door Low Storage","$215.00"
"1635243920-51634","https://colemanfurniture.com/office/file-cabinet-filing.htm","1u1f Bark Gray Mobile Pedestal","$259.00"
"1635243920-51934","https://colemanfurniture.com/office/file-cabinet-filing.htm","Gemma Antigua 30"" Low Storage Unit","$259.00"
"1635243920-51758","https://colemanfurniture.com/office/file-cabinet-filing.htm","Work Your Way Dark Roast House Blend Lateral File Cabinet","$1169.00"
"1635243920-51639","https://colemanfurniture.com/office/file-cabinet-filing.htm","Salinas Cape Cod Gray Lateral File Cabinet","$325.00"
"1635243920-51627","https://colemanfurniture.com/office/file-cabinet-filing.htm","Delta Black File Cabinet","$225.00"
"1635243920-51891","https://colemanfurniture.com/office/file-cabinet-filing.htm","Urban Ash Burl Executive Lateral File","$1799.00"
"1635243920-51940","https://colemanfurniture.com/office/file-cabinet-filing.htm","Series C Natural Cherry 36 Inch 2-Drawer Lateral File","$525.00"
"1635243920-51630","https://colemanfurniture.com/office/file-cabinet-filing.htm","Gemma Walnut Grey And White 30"" Lateral File Cabinet","$405.00"
"1635243920-51556","https://colemanfurniture.com/office/file-cabinet-filing.htm","Enterprise Mocha Cherry 2-Drawer Lateral File","$565.00"
"1635243920-51818","https://colemanfurniture.com/office/file-cabinet-filing.htm","Birmingham Executive Antique Black Lateral File","$399.00"
"1635243920-51709","https://colemanfurniture.com/office/file-cabinet-filing.htm","Richmond Hill Warm Chestnut Brown Lanier File Chest","$2529.00"
"1635243920-51884","https://colemanfurniture.com/office/file-cabinet-filing.htm","Bel Aire Walnut Beverly Palms File Chest","$2229.00"
"1635243920-51622","https://colemanfurniture.com/office/file-cabinet-filing.htm","Mixt Jiro Gray File Cabinet","$1209.00"
"1635243920-51779","https://colemanfurniture.com/office/file-cabinet-filing.htm","Fairview Cape Cod Gray 2 Drawer Lateral File Cabinet","$445.00"
"1635243920-51857","https://colemanfurniture.com/office/file-cabinet-filing.htm","Office 500 Black Walnut 36"" Tall Storage Cabinet With Doors And Shelves","$789.00"
"1635243920-51521","https://colemanfurniture.com/office/file-cabinet-filing.htm","Gramercy Park Vintage Burnished Smoke Lateral File","$929.00"
"1635243920-51673","https://colemanfurniture.com/office/file-cabinet-filing.htm","Orion White And Walnut Grey 20"" Storage Cabinet With Pull Out Shelf","$749.00"
"1635243920-51766","https://colemanfurniture.com/office/file-cabinet-filing.htm","Studio Honey Filing Cabinet","$229.00"
"1635243920-51559","https://colemanfurniture.com/office/file-cabinet-filing.htm","Huntington Vibrant Cherry Two Drawer File Cabinet","$769.00"
"1635243920-51598","https://colemanfurniture.com/office/file-cabinet-filing.htm","Refinery Rustic Gray Lateral File Cabinet","$449.00"
"1635243920-51494","https://colemanfurniture.com/office/file-cabinet-filing.htm","Americana Modern Cotton Functional File Cabinet With Power Center","$909.00"
"1635243920-51923","https://colemanfurniture.com/office/file-cabinet-filing.htm","27893 Athens File Cabinet","$599.00"
"1635243920-51691","https://colemanfurniture.com/office/file-cabinet-filing.htm","Series C Mahogany 36 Inch 2-Drawer Lateral File","$525.00"
"1635243920-51739","https://colemanfurniture.com/office/file-cabinet-filing.htm","Fairview Antique Black Lateral File","$445.00"
"1635243920-51536","https://colemanfurniture.com/office/file-cabinet-filing.htm","White Chocolate Standard Lateral File","$315.00"
"1635243920-51498","https://colemanfurniture.com/office/file-cabinet-filing.htm","Hartford Distressed Black File Cabinet","$989.00"
"1635243920-51534","https://colemanfurniture.com/office/file-cabinet-filing.htm","WC12952 Series C Mocha Cherry Mobile Pedestal","$339.00"
"1635243920-51655","https://colemanfurniture.com/office/file-cabinet-filing.htm","Salinas Vintage Black Lateral File Cabinet","$325.00"
"1635243920-51705","https://colemanfurniture.com/office/file-cabinet-filing.htm","Method White Lateral File Cabinet with Hutch","$789.00"
"1635243920-51737","https://colemanfurniture.com/office/file-cabinet-filing.htm","Studio C White Lateral File Cabinet","$575.00"
"1635243920-51937","https://colemanfurniture.com/office/file-cabinet-filing.htm","Elon Brown Lateral File","$839.00"
"1635243920-51530","https://colemanfurniture.com/office/file-cabinet-filing.htm","Sonoma Brown Executive Lateral File Cabinet","$1119.00"
"1635243920-51813","https://colemanfurniture.com/office/file-cabinet-filing.htm","Paxton Place Dovetail Grey Wood Mobile File Cabinet","$419.00"
"1635243920-51547","https://colemanfurniture.com/office/file-cabinet-filing.htm","Hampton Bay Cherry Mobile File Cabinet","$428.00"
"1635243920-51805","https://colemanfurniture.com/office/file-cabinet-filing.htm","Drake Home Office Rustic White and French Oak 42"" Lateral File Cabinet","$969.00"
"1635243920-51606","https://colemanfurniture.com/office/file-cabinet-filing.htm","Perspectives Brushed Acacia Entertainment File Cabinet","$1166.00"
"1635243920-51866","https://colemanfurniture.com/office/file-cabinet-filing.htm","Brookhaven Light Cherry Lateral File","$1179.00"
"1635243920-51868","https://colemanfurniture.com/office/file-cabinet-filing.htm","Provence Vintage Alabaster Lateral File Cabinet","$1000.00"
"1635243920-51511","https://colemanfurniture.com/office/file-cabinet-filing.htm","Krom White Corner Storage Unit","$335.00"
"1635243920-51527","https://colemanfurniture.com/office/file-cabinet-filing.htm","Pure Modern Soft Moonstone Functional File Cabinet","$909.00"
"1635243920-51495","https://colemanfurniture.com/office/file-cabinet-filing.htm","Americana Modern Dove Functional File Cabinet With Power Center","$909.00"
"1635243920-51614","https://colemanfurniture.com/office/file-cabinet-filing.htm","Office 500 Modern Hickory 16"" 2 Drawer File Cabinet","$385.00"
"1635243920-51497","https://colemanfurniture.com/office/file-cabinet-filing.htm","Americana Modern Denim Functional File Cabinet With Power Center","$909.00"
"1635243920-51615","https://colemanfurniture.com/office/file-cabinet-filing.htm","Series C Hansen Cherry 36 Inch 2-Drawer Lateral File","$525.00"
"1635243920-51679","https://colemanfurniture.com/office/file-cabinet-filing.htm","Key West Pure White Oak 2 Drawer Lateral File Cabinet","$345.00"
"1635243920-51778","https://colemanfurniture.com/office/file-cabinet-filing.htm","Series C Mahogany 30 Inch Storage Cabinet","$335.00"
"1635243920-51756","https://colemanfurniture.com/office/file-cabinet-filing.htm","Toulon Distressed Dark Oak Lateral File Cabinet","$460.00"
"1635243920-51635","https://colemanfurniture.com/office/file-cabinet-filing.htm","Commerce Cocoa and Pewter 2 Drawer Mobile File Cabinet","$285.00"
"1635243920-51874","https://colemanfurniture.com/office/file-cabinet-filing.htm","I3 Plus Bark Gray Lateral File with Storage Cabinet","$695.00"
"1635243920-51769","https://colemanfurniture.com/office/file-cabinet-filing.htm","I3 Plus Bark Gray Lateral File","$385.00"
"1635243920-51833","https://colemanfurniture.com/office/file-cabinet-filing.htm","Halifax Black 3 Section Mobile Storage Cabinet","$199.00"
"1635243920-51933","https://colemanfurniture.com/office/file-cabinet-filing.htm","Sofia European Cottage File Cabinet","$368.00"
"1635243920-51860","https://colemanfurniture.com/office/file-cabinet-filing.htm","Scottsdale Sand Dune And Black File Cabinet","$599.00"
"1635243920-51646","https://colemanfurniture.com/office/file-cabinet-filing.htm","Method Cocoa Lateral File Cabinet","$609.00"
"1635243920-51576","https://colemanfurniture.com/office/file-cabinet-filing.htm","Cabot White Drawer Lateral File Cabinet","$379.00"
"1635243920-51867","https://colemanfurniture.com/office/file-cabinet-filing.htm","Treviso Brown Lateral File","$1239.00"
"1635243920-51619","https://colemanfurniture.com/office/file-cabinet-filing.htm","Heritage Hickory 2 Drawer Lateral File Cabinet","$1059.00"
"1635243920-51893","https://colemanfurniture.com/office/file-cabinet-filing.htm","Brown Wood 3 Drawer Filing Cabinet","$269.00"
"1635243920-51922","https://colemanfurniture.com/office/file-cabinet-filing.htm","West End Light Stain Mobile File Cabinet","$435.00"
"1635243920-51654","https://colemanfurniture.com/office/file-cabinet-filing.htm","Office 500 Black Walnut 36"" 2 Drawer Lateral File Cabinet","$559.00"
"1635243920-51633","https://colemanfurniture.com/office/file-cabinet-filing.htm","I3 Plus White 1 Drawer Lateral File","$339.00"
"1635243920-51669","https://colemanfurniture.com/office/file-cabinet-filing.htm","Jasper Brown And Gray Lateral File Cabinet","$1069.00"
"1635243920-51712","https://colemanfurniture.com/office/file-cabinet-filing.htm","Crossings Reclaimed Barn File Cabinet With Casters","$589.00"
"1635243920-51561","https://colemanfurniture.com/office/file-cabinet-filing.htm","Gray 2 Drawer Lateral File","$1609.00"
"1635243920-51523","https://colemanfurniture.com/office/file-cabinet-filing.htm","Melange Gray Dixon Lateral File","$1189.00"
"1635243920-51881","https://colemanfurniture.com/office/file-cabinet-filing.htm","Barrymore Brown Durango File Chest","$1829.00"
"1635243920-51588","https://colemanfurniture.com/office/file-cabinet-filing.htm","Axis Dark Mocha 2 Drawer File Cabinet","$279.00"
"1635243920-51535","https://colemanfurniture.com/office/file-cabinet-filing.htm","Pro Concept Plus White Pedestal","$275.00"
"1635243920-51519","https://colemanfurniture.com/office/file-cabinet-filing.htm","Somerset Platinum Gray 2 Drawer Lateral File Cabinet","$399.00"
"1635243920-51928","https://colemanfurniture.com/office/file-cabinet-filing.htm","Alesio Weathered Bone File Credenza","$2079.00"
"1635243920-51677","https://colemanfurniture.com/office/file-cabinet-filing.htm","Key West Pure White Oak 2 Drawer Mobile File Cabinet","$245.00"
"1635243920-51811","https://colemanfurniture.com/office/file-cabinet-filing.htm","Office 500 Sand Oak 36"" 2 Drawer Lateral File Cabinet With Hutch","$905.00"
"1635243920-51852","https://colemanfurniture.com/office/file-cabinet-filing.htm","7013 Cappuccino File Cabinet","$239.00"
"1635243920-51604","https://colemanfurniture.com/office/file-cabinet-filing.htm","Bellamy Deep Weathered Pine Lateral File with Hutch","$1435.00"
"1635243920-51578","https://colemanfurniture.com/office/file-cabinet-filing.htm","Roslyn County Dark Wood Lateral File","$1489.00"
"1635243920-51504","https://colemanfurniture.com/office/file-cabinet-filing.htm","Cabot Espresso Oak Tall Storage Cabinet","$359.00"
"1635243920-51724","https://colemanfurniture.com/office/file-cabinet-filing.htm","Work Your Way Light Natural Corsica Lateral File Cabinet","$1169.00"
"1635243920-51834","https://colemanfurniture.com/office/file-cabinet-filing.htm","I3 Plus White Lateral File with Storage Cabinet","$695.00"
"1635243920-51789","https://colemanfurniture.com/office/file-cabinet-filing.htm","I3 Plus Bark Gray 1 Drawer Lateral File","$339.00"
"1635243920-51913","https://colemanfurniture.com/office/file-cabinet-filing.htm","Series C Hansen Cherry Mobile Pedestal","$339.00"
"1635243920-51906","https://colemanfurniture.com/office/file-cabinet-filing.htm","Lancaster Dove Tail Grey Lateral File","$799.00"
"1635243920-51822","https://colemanfurniture.com/office/file-cabinet-filing.htm","Clinton Hill Classic Cherry Lateral File Cabinet","$785.00"
"1635243920-51687","https://colemanfurniture.com/office/file-cabinet-filing.htm","Aquarius Walnut Grey And Slate 35"" Storage Unit With 8 Cubbies","$395.00"
"1635243920-51584","https://colemanfurniture.com/office/file-cabinet-filing.htm","Method White 3 Drawer Mobile File Cabinet","$459.00"
"1635243920-51915","https://colemanfurniture.com/office/file-cabinet-filing.htm","Luetta Aged Walnut Mobile Storage Cabinet","$235.00"
"1635243920-51582","https://colemanfurniture.com/office/file-cabinet-filing.htm","Hill Country Leming Saddle Brown and Black Lateral File","$1629.00"
"1635243920-51516","https://colemanfurniture.com/office/file-cabinet-filing.htm","Key West Washed Gray Lateral File","$345.00"
"1635243920-51540","https://colemanfurniture.com/office/file-cabinet-filing.htm","Tinley Park Dove Tail Grey Lateral File","$779.00"
"1635243920-51864","https://colemanfurniture.com/office/file-cabinet-filing.htm","Buena Vista 2-Door Tall Library Storage","$269.00"
"1635243920-51936","https://colemanfurniture.com/office/file-cabinet-filing.htm","Office 500 Storm Gray 36"" Storage Cabinet With Doors","$459.00"
"1635243920-51842","https://colemanfurniture.com/office/file-cabinet-filing.htm","Intrigue Hazelwood Mobile File Cabinet","$440.00"
"1635243920-51611","https://colemanfurniture.com/office/file-cabinet-filing.htm","I3 Plus White Lateral File","$385.00"
"1635243920-51850","https://colemanfurniture.com/office/file-cabinet-filing.htm","Bronwyn Alabaster Lateral File with Hutch","$1475.00"
"1635243920-51802","https://colemanfurniture.com/office/file-cabinet-filing.htm","Method Cocoa Lateral File Cabinet with Hutch","$789.00"
"1635243920-51532","https://colemanfurniture.com/office/file-cabinet-filing.htm","Perspectives Brushed Acacia Mobile File Cabinet","$525.00"
"1635243920-51849","https://colemanfurniture.com/office/file-cabinet-filing.htm","Cascade Soft Taupe File Cabinet","$1039.00"
"1635243920-51865","https://colemanfurniture.com/office/file-cabinet-filing.htm","Wellington Java Executive Lateral File","$1449.00"
"1635243920-51904","https://colemanfurniture.com/office/file-cabinet-filing.htm","Hartshill Burnished Oak File Cabinet","$1030.00"
"1635243920-51676","https://colemanfurniture.com/office/file-cabinet-filing.htm","Prestige White Chocolate and Antigua Pedestal","$255.00"
"1635243920-51609","https://colemanfurniture.com/office/file-cabinet-filing.htm","Kenner Reclaimed Wood And White Mobile 5 Drawer Storage Mobile Cabinet","$205.00"
"1635243920-51744","https://colemanfurniture.com/office/file-cabinet-filing.htm","Barrymore Brown Durango File Chest With Deck","$2728.00"
"1635243920-51765","https://colemanfurniture.com/office/file-cabinet-filing.htm","Barton Creek Driftwood Patina Johnson File Chest","$2479.00"
"1635243920-51762","https://colemanfurniture.com/office/file-cabinet-filing.htm","Madison Avenue Modern Gray Lateral File Cabinet With Shelves","$339.00"
"1635243920-51661","https://colemanfurniture.com/office/file-cabinet-filing.htm","Key West Dark Gray Hickory 2 Drawer Mobile File Cabinet","$255.00"
"1635243920-51563","https://colemanfurniture.com/office/file-cabinet-filing.htm","Sonoma Road Weather Beaten Bark Lateral File","$765.00"
"1635243920-51880","https://colemanfurniture.com/office/file-cabinet-filing.htm","Regency Antique Oak And Matte Black Lateral File Cabinet","$785.00"
"1635243920-51830","https://colemanfurniture.com/office/file-cabinet-filing.htm","79412 Wellington Driftwood File Cabinet","$999.00"
"1635243920-51502","https://colemanfurniture.com/office/file-cabinet-filing.htm","Gramercy Park Vintage Burnished Smoke Lateral File","$929.00"
"1635243920-51557","https://colemanfurniture.com/office/file-cabinet-filing.htm","Key West Reclaimed Pine 2 Drawer Lateral File Cabinet","$355.00"
"1635243920-51624","https://colemanfurniture.com/office/file-cabinet-filing.htm","Halifax White 5 Drawer Mobile High Cabinet","$199.00"
"1635243920-51644","https://colemanfurniture.com/office/file-cabinet-filing.htm","Plymouth Brown and Graywash Lateral File Cabinet","$999.00"
"1635243920-51631","https://colemanfurniture.com/office/file-cabinet-filing.htm","Orion Bark Gray And Graphite 20"" Storage Cabinet With Pull Out Shelf","$749.00"
"1635243920-51642","https://colemanfurniture.com/office/file-cabinet-filing.htm","Fairview Pure White and Shiplap Gray 2 Drawer Lateral File Cabinet","$455.00"
"1635243920-51647","https://colemanfurniture.com/office/file-cabinet-filing.htm","Method Natural Maple 2 Drawer Lateral File Cabinet","$609.00"
"1635243920-51745","https://colemanfurniture.com/office/file-cabinet-filing.htm","Longboat Key Warm Sundrenched File Chest","$1729.00"
"1635243920-51539","https://colemanfurniture.com/office/file-cabinet-filing.htm","Sedley Walnut and Rustic Black File Cabinet","$765.00"
"1635243920-51544","https://colemanfurniture.com/office/file-cabinet-filing.htm","Series C Natural Cherry Mobile Pedestal","$339.00"
"1635243920-51939","https://colemanfurniture.com/office/file-cabinet-filing.htm","Commerce Autumn Cherry 2 Drawer Mobile File Cabinet","$285.00"
"1635243920-51629","https://colemanfurniture.com/office/file-cabinet-filing.htm","Polk Morel And Glazed Silver File Cabinet","$1503.00"
"1635243920-51835","https://colemanfurniture.com/office/file-cabinet-filing.htm","Universel Rustic Brown 28"" Standard Lateral File Cabinet","$315.00"
"1635243920-51548","https://colemanfurniture.com/office/file-cabinet-filing.htm","Catalina Cottage White 40"" Lateral File","$869.00"
"1635243920-51832","https://colemanfurniture.com/office/file-cabinet-filing.htm","Work Your Way Grey Mink Burnham Lateral File Cabinet","$1169.00"
"1635243920-51785","https://colemanfurniture.com/office/file-cabinet-filing.htm","Ventura Brown File Cabinet","$759.00"
"1635243920-51617","https://colemanfurniture.com/office/file-cabinet-filing.htm","AF110518MW Emerson Mango Wood Rectangle File Cabinet","$515.00"
"1635243920-51889","https://colemanfurniture.com/office/file-cabinet-filing.htm","Series C Mahogany Mobile Pedestal","$339.00"
"1635243920-51508","https://colemanfurniture.com/office/file-cabinet-filing.htm","Carson Weathered Dove Lateral File Cabinet","$959.00"
"1635243920-51702","https://colemanfurniture.com/office/file-cabinet-filing.htm","27860 Cambridge File Cabinet","$459.00"
"1635243920-51853","https://colemanfurniture.com/office/file-cabinet-filing.htm","White Cement Drawer Filing Cabinet","$269.00"
"1635243920-51533","https://colemanfurniture.com/office/file-cabinet-filing.htm","Barrymore Brown Alden Mobile File Chest","$899.00"
"1635243920-51898","https://colemanfurniture.com/office/file-cabinet-filing.htm","Bal Harbor Rich Sienna Laguana Beach File Chest","$2929.00"
"1635243920-51767","https://colemanfurniture.com/office/file-cabinet-filing.htm","Aquarius Antigua And White 35"" Storage Unit With 8 Cubbies","$395.00"
"1635243920-51930","https://colemanfurniture.com/office/file-cabinet-filing.htm","Office 500 Sand Oak 36"" Tall Storage Cabinet With Doors And Shelves","$789.00"
"1635243920-51650","https://colemanfurniture.com/office/file-cabinet-filing.htm","Perspectives Sun Drenched Acacia Mobile File Cabinet","$519.00"
"1635243920-51680","https://colemanfurniture.com/office/file-cabinet-filing.htm","Office 500 Storm Gray 16"" 3 Drawer File Cabinet","$399.00"
"1635243920-51900","https://colemanfurniture.com/office/file-cabinet-filing.htm","Halifax Black 2 Section Mobile Storage Cabinet","$189.00"
"1635243920-51841","https://colemanfurniture.com/office/file-cabinet-filing.htm","Dark Taupe 3 Drawer Castors File Cabinet","$269.00"
"1635243920-51602","https://colemanfurniture.com/office/file-cabinet-filing.htm","Farmhouse Reimagined Heavy Distressing Antique White And Chestnut Lateral File","$719.00"
"1635243920-51932","https://colemanfurniture.com/office/file-cabinet-filing.htm","Wellington Driftwood Executive Lateral File","$1549.00"
"1635243920-51774","https://colemanfurniture.com/office/file-cabinet-filing.htm","Key West Reclaimed Pine 2 Drawer Mobile File Cabinet","$255.00"
"1635243920-51846","https://colemanfurniture.com/office/file-cabinet-filing.htm","Danforth Brown Mobile File","$719.00"
"1635243920-51882","https://colemanfurniture.com/office/file-cabinet-filing.htm","Bal Harbour Sienna Laguna Beach File Chest With Hutch","$5308.00"
"1635243920-51843","https://colemanfurniture.com/office/file-cabinet-filing.htm","Cross Effect Prism File Chest","$1929.00"
"1635243920-51879","https://colemanfurniture.com/office/file-cabinet-filing.htm","Newport Alabaster Lateral File","$1009.00"
"1635243920-51579","https://colemanfurniture.com/office/file-cabinet-filing.htm","European Renaissance II Brown 39' Lateral File","$1659.00"
"1635243920-51515","https://colemanfurniture.com/office/file-cabinet-filing.htm","Kensington Warm Fruitwood 2 Drawer Lateral File Cabinet","$1109.00"
"1635243920-51553","https://colemanfurniture.com/office/file-cabinet-filing.htm","Studio Designs Wire Brushed Dove Grey Claridge File Chest","$2829.00"
"1635243920-51568","https://colemanfurniture.com/office/file-cabinet-filing.htm","Black Standard Lateral File","$315.00"
"1635243920-51848","https://colemanfurniture.com/office/file-cabinet-filing.htm","Apprentice Dark Wood Lateral File Cabinet With Hutch","$1698.00"
"1635243920-51713","https://colemanfurniture.com/office/file-cabinet-filing.htm","Coleman Cinder And Grey Mist File Cabinet","$1109.00"
"1635243920-51684","https://colemanfurniture.com/office/file-cabinet-filing.htm","Method Century Walnut 2 Drawer Lateral File Cabinet","$609.00"
"1635243920-51810","https://colemanfurniture.com/office/file-cabinet-filing.htm","Grand Manor Palazzo Vintage Burnished Black Lateral File","$859.00"
"1635243920-51938","https://colemanfurniture.com/office/file-cabinet-filing.htm","Paloma Linear Grey And Brushed Silver 3 Drawer File Cabinet","$645.00"
